Fecha,NumDia,NumDato,T2M,RH2M,WS10M,CLRSKY,Lluvia,WH
2022-01-22,30,1,14.95,45.19,2.7,4.55,0,172
2022-01-22,30,2,13.95,46.38,2.61,0,0,9
2022-01-22,30,3,13.69,45.31,2.32,0,0,0
2022-01-22,30,4,12.95,46.38,2.33,0,0,0
2022-01-22,30,5,11.4,51.19,2.74,0,0,0
2022-01-22,30,6,9.99,55.5,3.05,0,0,0
2022-01-22,30,7,9.23,58,3.15,0,0,0
2022-01-31,31,8,8.54,60.75,3.02,0,0,0
2022-01-31,31,9,8.17,62.44,2.77,0,0,0
2022-01-31,31,10,7.93,63.69,2.57,0,0,0
2022-01-31,31,11,7.62,64.88,2.53,0,0,0
2022-01-31,31,12,7.23,66.38,2.56,0,0,0
2022-01-31,31,13,6.88,68.12,2.65,0,0,0
2022-01-31,31,14,7.67,66.81,2.66,9.83,0,0
2022-01-31,31,15,12.39,48.75,3.56,101.73,0,268
2022-01-31,31,16,16.52,35.69,5.49,207.52,0,1673
2022-01-31,31,17,19.23,29.31,6.49,294.77,0,2072
2022-01-31,31,18,21.13,25.19,6.96,355.9,0,3604
2022-01-31,31,19,22.55,22.38,7.33,387.5,0,4295
2022-01-31,31,20,23.48,20.44,7.61,384.48,0,4510
2022-01-31,31,21,23.85,19.25,7.68,349,0,4170
2022-01-31,31,22,23.63,18.81,7.74,283.42,0,3241
2022-01-31,31,23,22.68,19.31,7.52,193.15,0,1955
2022-01-31,31,24,20.52,22.62,5.88,86.55,0,926
2022-01-31,31,25,15.57,35.44,3.77,5.08,0,202
2022-01-31,31,26,13.33,41.75,3.59,0,0,22
2022-01-31,31,27,12.06,44.88,3.57,0,0,0
2022-01-31,31,28,10.99,47.38,3.48,0,0,0
2022-01-31,31,29,9.92,50.25,3.27,0,0,0
2022-01-31,31,30,8.96,52.5,3.2,0,0,0
2022-01-31,31,31,8.13,54.12,3.18,0,0,0
2022-02-01,1,32,7.44,55.06,3.22,0,0,0
2022-02-01,1,33,6.8,55.75,3.15,0,0,0
2022-02-01,1,34,6.38,55.56,2.95,0,0,0
2022-02-01,1,35,6.23,54.44,2.61,0,0,0
2022-02-01,1,36,6.13,53.25,2.32,0,0,0
2022-02-01,1,37,5.87,52.94,2.19,0,0,0
2022-02-01,1,38,6.53,53.69,2.08,10.73,0,0
2022-02-01,1,39,11.31,37.88,2.44,106.15,0,268
2022-02-01,1,40,16.12,20.38,4.27,211.92,0,1764
2022-02-01,1,41,19.2,14.25,5.29,299.1,0,2586
2022-02-01,1,42,21.25,13.19,5.48,360.25,0,4184
2022-02-01,1,43,22.76,12.81,5.53,390.77,0,4351
2022-02-01,1,44,23.73,12.5,5.48,388.25,0,3887
2022-02-01,1,45,24.08,12.38,5.38,353.05,0,3836
2022-02-01,1,46,23.91,12.56,5.15,287.73,0,3252
2022-02-01,1,47,23.08,13.38,4.8,197.25,0,2186
2022-02-01,1,48,20.16,22.06,3.11,89.95,0,1018
2022-02-01,1,49,14.48,38.5,3.01,5.6,0,183
2022-02-01,1,50,13.08,40.31,3.1,0,0,18
2022-02-01,1,51,11.91,42.88,3.21,0,0,0
2022-02-01,1,52,10.71,46.31,3.28,0,0,0
2022-02-01,1,53,9.82,49.75,3.26,0,0,0
2022-02-01,1,54,9.01,54.38,3.18,0,0,0
2022-02-01,1,55,8.26,59.56,3.08,0,0,0
2022-02-02,2,56,7.6,64.81,2.95,0,0,0
2022-02-02,2,57,7.13,69.31,2.85,0,0,0
2022-02-02,2,58,6.69,73.19,2.72,0,0,0
2022-02-02,2,59,6.33,76.12,2.66,0,0,0
2022-02-02,2,60,6.01,78.69,2.63,0,0,0
2022-02-02,2,61,5.67,81.12,2.63,0,0,0
2022-02-02,2,62,6.76,77.25,2.49,11.2,0,0
2022-02-02,2,63,12.17,53.31,3.31,107.6,0,247
2022-02-02,2,64,16.74,33.44,4.62,213.7,0,1739
2022-02-02,2,65,19.85,25.19,5.41,300.98,0,2848
2022-02-02,2,66,22.05,21.75,5.59,362.08,0,3984
2022-02-02,2,67,23.72,19.94,5.63,392.08,0,4154
2022-02-02,2,68,24.85,18.81,5.6,389.45,0,3835
2022-02-02,2,69,25.34,18.31,5.5,354.27,0,4137
2022-02-02,2,70,25.23,18.5,5.35,288.62,0,3216
2022-02-02,2,71,24.42,19.62,5.08,197.92,0,2093
2022-02-02,2,72,21.8,26.81,3.53,90.33,0,943
2022-02-02,2,73,15.86,45.62,3.03,5.77,0,139
2022-02-02,2,74,14.29,48.94,3.21,0,0,16
2022-02-02,2,75,13.48,51.19,3.35,0,0,0
2022-02-02,2,76,12.88,53.75,3.57,0,0,0
2022-02-02,2,77,11.58,60.06,3.32,0,0,0
2022-02-02,2,78,10.55,66.25,3.27,0,0,0
2022-02-02,2,79,9.69,72.75,3.1,0,0,0
2022-02-03,3,80,8.91,79.31,2.81,0,0,0
2022-02-03,3,81,8.19,85.75,2.65,0,0,0
2022-02-03,3,82,7.57,91.69,2.55,0,0,0
2022-02-03,3,83,6.99,97.12,2.46,0,0,0
2022-02-03,3,84,6.46,100,2.42,0,0,0
2022-02-03,3,85,6,100,2.43,0,0,0
2022-02-03,3,86,7.37,98.12,2.54,10.92,0,0
2022-02-03,3,87,12.19,69.44,3.28,105.75,0,226
2022-02-03,3,88,16.9,41.44,4.4,211.88,0,1781
2022-02-03,3,89,19.77,32.06,4.87,299.5,0,2796
2022-02-03,3,90,21.82,26.75,5.08,360.73,0,3649
2022-02-03,3,91,23.35,23.31,5.24,392.45,0,3642
2022-02-03,3,92,24.34,21.19,5.32,389.62,0,1805
2022-02-03,3,93,24.73,20.38,5.36,353.88,0,2053
2022-02-03,3,94,24.57,20.38,5.51,287.42,0,2343
2022-02-03,3,95,23.78,21.31,5.49,194.17,0,1410
2022-02-03,3,96,21.6,25.94,4.23,87.02,0,126
2022-02-03,3,97,15.9,44.06,3.1,5.83,0,73
2022-02-03,3,98,14.26,47.69,3.13,0,0,6
2022-02-03,3,99,13.18,50.81,2.91,0,0,0
2022-02-03,3,100,12.24,54.12,2.57,0,0,0
2022-02-03,3,101,11.39,57.75,2.2,0,0,0
2022-02-03,3,102,10.84,59.62,2.07,0,0,0
2022-02-03,3,103,10.37,61.31,1.99,0,0,0
2022-02-04,4,104,10.01,62.81,1.88,0,0,0
2022-02-04,4,105,9.65,64.75,1.77,0,0,0
2022-02-04,4,106,9.45,66.06,1.65,0,0,0
2022-02-04,4,107,9.19,67.56,1.56,0,0,0
2022-02-04,4,108,8.73,70.19,1.62,0,0,0
2022-02-04,4,109,8.19,73.12,1.81,0,0,0
2022-02-04,4,110,8.66,73.31,1.84,10.1,0,0
2022-02-04,4,111,13.54,52.62,1.64,98.62,0,98
2022-02-04,4,112,18.06,32.88,1.25,203.08,0,831
2022-02-04,4,113,20.78,25.19,2.11,290.48,0,1097
2022-02-04,4,114,22.7,21.12,2.54,351.58,0,1577
2022-02-04,4,115,24.08,18.69,2.87,394.15,0,2558
2022-02-04,4,116,24.94,17.25,3.05,391.25,0,2483
2022-02-04,4,117,25.24,16.56,3.06,354.75,0,2414
2022-02-04,4,118,25.23,16,3.02,288.35,0,2521
2022-02-04,4,119,24.6,16.31,2.76,196.4,0,1630
2022-02-04,4,120,21.96,26.75,1.49,88.52,0,531
2022-02-04,4,121,16.96,39.5,1.96,6,0,123
2022-02-04,4,122,14.77,39.56,4.42,0,0,15
2022-02-04,4,123,10.76,51.12,6.74,0,0,0
2022-02-04,4,124,8.26,57.12,7.52,0,0,0
2022-02-04,4,125,6.13,63.38,7.21,0,0,0
2022-02-04,4,126,4.9,65.5,6.77,0,0,0
2022-02-04,4,127,4.19,65.06,6.55,0,0,0
2022-02-05,5,128,3.46,64.94,6.02,0,0,0
2022-02-05,5,129,2.83,64.75,5.45,0,0,0
2022-02-05,5,130,2.23,65.31,5.01,0,0,0
2022-02-05,5,131,1.73,66.31,4.81,0,0,0
2022-02-05,5,132,1.39,67.69,4.65,0,0,0
2022-02-05,5,133,1.13,69.81,4.42,0,0,0
2022-02-05,5,134,1.69,68.88,4.43,9.35,0,0
2022-02-05,5,135,5.35,57.31,4.1,91.75,0,27
2022-02-05,5,136,10.94,46.56,3.05,197.05,0,392
2022-02-05,5,137,16.26,35.12,1.4,287.15,0,897
2022-02-05,5,138,19.4,28.62,0.43,350.88,0,2385
2022-02-05,5,139,20.88,25.81,1.02,395.83,0,609
2022-02-05,5,140,21.63,24.25,1.82,393.3,0,1650
2022-02-05,5,141,22.42,22.62,2.36,357.5,0,1638
2022-02-05,5,142,22.78,21.56,2.44,291.15,0,2277
2022-02-05,5,143,22.25,21.81,2.49,199,0,1770
2022-02-05,5,144,20.05,30.19,1.84,90.2,0,926
2022-02-05,5,145,15.58,44.44,2.35,6.27,0,176
2022-02-05,5,146,13.26,47.88,2.85,0,0,11
2022-02-05,5,147,11.4,51.56,3.1,0,0,0
2022-02-05,5,148,9.93,55.06,2.9,0,0,0
2022-02-05,5,149,9.02,58.31,2.47,0,0,0
2022-02-05,5,150,8.69,61.31,2.2,0,0,0
2022-02-05,5,151,8.56,65.25,2.15,0,0,0
2022-02-06,6,152,8.49,69.38,2.21,0,0,0
2022-02-06,6,153,8.46,73.06,2.33,0,0,0
2022-02-06,6,154,8.3,77.75,2.45,0,0,0
2022-02-06,6,155,8.08,82.88,2.44,0,0,0
2022-02-06,6,156,7.95,87.12,2.33,0,0,0
2022-02-06,6,157,7.94,89.94,2.15,0,0,0
2022-02-06,6,158,9.04,85.94,1.78,10.12,0,0
2022-02-06,6,159,13.65,63.06,2.27,96.67,0,252
2022-02-06,6,160,17.3,47.75,3.41,200.88,0,1326
2022-02-06,6,161,19.56,40.44,3.23,289.83,0,536
2022-02-06,6,162,21.28,35.56,3.02,352.62,0,4
2022-02-06,6,163,22.51,32.19,2.9,395.52,0,12
2022-02-06,6,164,23.26,29.94,2.81,392.48,0,258
2022-02-06,6,165,23.51,28.69,2.78,356.83,0,2801
2022-02-06,6,166,23.33,28.25,2.75,290.67,0.01,2358
2022-02-06,6,167,22.62,28.81,2.65,198.95,0,1198
2022-02-06,6,168,20.87,34.44,2.22,90.85,0,487
2022-02-06,6,169,17.16,49.88,2.01,6.52,0,267
2022-02-06,6,170,16.38,49.94,1.93,0,0,15
2022-02-06,6,171,15.93,50,1.67,0,0,0
2022-02-06,6,172,14.76,52.94,1.73,0,0,0
2022-02-06,6,173,13.12,57.69,2.13,0,0,0
2022-02-06,6,174,12.14,60.5,2.48,0,0,0
2022-02-06,6,175,11.35,63.25,2.64,0,0,0
2022-02-07,7,176,10.78,65.38,2.59,0,0,0
2022-02-07,7,177,10.48,66.12,2.48,0,0,0
2022-02-07,7,178,10.31,66.12,2.3,0,0,0
2022-02-07,7,179,10.27,65.5,2.01,0,0,0
2022-02-07,7,180,10.23,64.31,1.48,0,0,0
2022-02-07,7,181,10.12,63.38,0.91,0,0,0
2022-02-07,7,182,10.48,62.75,0.78,10.98,0,0
2022-02-07,7,183,13.85,47.5,2.03,100.23,0,52
2022-02-07,7,184,17.1,37.69,2.51,202.92,0,243
2022-02-07,7,185,19.43,31.75,2.25,290.88,0,150
2022-02-07,7,186,21.15,28.12,2.23,352.65,0,21
2022-02-07,7,187,22.31,26.19,2.43,391.95,0.01,20
2022-02-07,7,188,22.9,25.38,2.66,388.08,0.02,218
2022-02-07,7,189,22.87,25.5,2.91,348.17,0.02,1975
2022-02-07,7,190,22.41,26.31,2.92,273.9,0.03,281
2022-02-07,7,191,21.28,28.62,2.63,171.92,0.02,1099
2022-02-07,7,192,19.15,35.12,2.34,67.33,0.01,749
2022-02-07,7,193,15.33,51.44,3.4,5.08,0.02,212
2022-02-07,7,194,12.83,60.38,5.36,0,0.02,5
2022-02-07,7,195,10.54,69.31,6.66,0,0.03,0
2022-02-07,7,196,8.64,75.62,6.77,0,0.03,0
2022-02-07,7,197,7.42,79,6.35,0,0.03,0
2022-02-07,7,198,6.72,80.12,5.92,0,0.02,0
2022-02-07,7,199,6.15,80.38,5.66,0,0.02,0
2022-02-08,8,200,5.65,81.19,5.36,0,0.01,0
2022-02-08,8,201,5.17,82.56,5.07,0,0.01,0
2022-02-08,8,202,4.68,84.25,4.86,0,0.01,0
2022-02-08,8,203,4.18,85.69,4.72,0,0.01,0
2022-02-08,8,204,3.7,86.5,4.57,0,0.01,0
2022-02-08,8,205,3.23,87.69,4.29,0,0.05,0
2022-02-08,8,206,3.44,86.31,4.31,10.08,0.05,0
2022-02-08,8,207,6.37,73.25,4.18,96.1,0.03,31
2022-02-08,8,208,10.63,57.81,3.18,203.77,0.01,154
2022-02-08,8,209,15.36,43.75,0.75,295.02,0,459
2022-02-08,8,210,18.7,34.25,2.32,359.27,0,779
2022-02-08,8,211,20.69,28.75,4.32,394.12,0.02,1145
2022-02-08,8,212,21.68,25.62,4.91,391.67,0.03,922
2022-02-08,8,213,22.09,23.44,5.02,355.75,0.03,0
2022-02-08,8,214,22.01,22,4.96,289,0.02,797
2022-02-08,8,215,21.25,22,4.69,196.8,0.01,759
2022-02-08,8,216,19.33,25.38,3.6,89.27,0,282
2022-02-08,8,217,14.22,44.44,2.56,6.73,0,48
2022-02-08,8,218,12.25,49.25,2.83,0,0,0
2022-02-08,8,219,10.73,53.94,2.9,0,0,0
2022-02-08,8,220,8.93,59.75,3.12,0,0,0
2022-02-08,8,221,7.55,65.69,2.94,0,0.01,0
2022-02-08,8,222,6.76,69.38,2.38,0,0,0
2022-02-08,8,223,6.4,71.19,1.91,0,0,0
2022-02-09,9,224,6.26,72.12,1.48,0,0,0
2022-02-09,9,225,6.2,72.62,1.15,0,0,0
2022-02-09,9,226,6.02,74.06,1.09,0,0,0
2022-02-09,9,227,5.7,76.81,1.12,0,0,0
2022-02-09,9,228,5.58,78.81,1.02,0,0.02,0
2022-02-09,9,229,5.52,80.25,0.95,0,0,0
2022-02-09,9,230,6.44,77.38,0.95,9.98,0,0
2022-02-09,9,231,10.55,57.75,0.62,92.65,0,0
2022-02-09,9,232,15.48,35.31,0.91,197.48,0,0
2022-02-09,9,233,18.19,29.06,1.49,287.73,0,0
2022-02-09,9,234,19.9,26,2.04,351.7,0,0
2022-02-09,9,235,21.13,23.62,2.61,399.67,0,0
2022-02-09,9,236,21.89,21.94,2.97,397.3,0,0
2022-02-09,9,237,22.1,21.19,3.19,361.45,0,0
2022-02-09,9,238,21.89,20.88,3.48,294.42,0,0
2022-02-09,9,239,21.12,21.31,3.61,202.5,0,0
2022-02-09,9,240,19.26,25.12,2.97,94.35,0,0
2022-02-09,9,241,14.3,43.88,2.37,7.42,0,0
2022-02-09,9,242,13.13,44.56,2.29,0,0,0
2022-02-09,9,243,13.01,42.62,1.89,0,0,0
2022-02-09,9,244,13.25,39.19,1.18,0,0,0
2022-02-09,9,245,12.86,40.25,0.55,0,0,0
2022-02-09,9,246,11.19,46.44,1.28,0,0,0
2022-02-09,9,247,9.45,53.81,2.11,0,0,0
2022-02-10,10,248,8.08,61.56,2.61,0,0,0
2022-02-10,10,249,7.24,68.88,2.88,0,0,0
2022-02-10,10,250,6.53,76.19,3.03,0,0,0
2022-02-10,10,251,5.96,82.12,2.99,0,0,0
2022-02-10,10,252,5.57,86.75,2.86,0,0,0
2022-02-10,10,253,5.46,89.75,2.69,0,0,0
2022-02-10,10,254,7.04,83.5,2.54,12.65,0,0
2022-02-10,10,255,11.59,61.62,3.38,108.17,0,0
2022-02-10,10,256,15.55,43.31,4.25,214.67,0,0
2022-02-10,10,257,18.11,36.12,3.99,303.23,0,0
2022-02-10,10,258,20.03,31.56,3.53,365.42,0,1343
2022-02-10,10,259,21.51,27.88,3.2,402.3,0,1272
2022-02-10,10,260,22.48,25.19,3.04,399,0,1907
2022-02-10,10,261,22.95,23.5,2.95,362.17,0,2342
2022-02-10,10,262,22.94,22.56,3.09,294.73,0,2297
2022-02-10,10,263,22.22,22.81,3.44,201.77,0,1209
2022-02-10,10,264,20.33,26.75,3.14,93.05,0,432
2022-02-10,10,265,15.62,44.5,2.22,7.4,0,75
2022-02-10,10,266,14.64,47.12,2.15,0,0,10
2022-02-10,10,267,14.1,49.62,2.36,0,0,0
2022-02-10,10,268,13.08,53.44,2.31,0,0,0
2022-02-10,10,269,11.89,57.69,2.4,0,0,0
2022-02-10,10,270,10.79,62.12,2.22,0,0,0
2022-02-10,10,271,9.68,66.12,2.22,0,0,0
2022-02-11,11,272,8.52,70.44,2.33,0,0,0
2022-02-11,11,273,7.82,73.31,2.27,0,0,0
2022-02-11,11,274,7.3,75.94,2.08,0,0,0
2022-02-11,11,275,6.86,78.31,1.94,0,0,0
2022-02-11,11,276,6.51,80.56,1.85,0,0,0
2022-02-11,11,277,6.19,83.06,1.8,0,0,0
2022-02-11,11,278,7.33,77.88,1.64,12.2,0,0
2022-02-11,11,279,11.71,56.88,1.9,105.3,0,319
2022-02-11,11,280,15.18,43.31,2.33,212.7,0,2007
2022-02-11,11,281,17.69,35.81,2.94,302.52,0,3258
2022-02-11,11,282,19.83,29.62,3.58,365.85,0,4234
2022-02-11,11,283,21.51,24.81,4.13,405.48,0,4324
2022-02-11,11,284,22.58,21.56,4.6,402.95,0,4679
2022-02-11,11,285,23.08,19.62,4.99,366.9,0,4211
2022-02-11,11,286,23.03,18.62,5.27,300.75,0,3529
2022-02-11,11,287,22.26,18.81,5.47,209.05,0,2444
2022-02-11,11,288,20.43,21.31,4.93,99.67,0,1135
2022-02-11,11,289,15.15,35.75,3.1,8.35,0,224
2022-02-11,11,290,13.58,38.88,3.19,0,0,30
2022-02-11,11,291,12.56,41.56,3.12,0,0,0
2022-02-11,11,292,10.95,47,2.88,0,0,0
2022-02-11,11,293,9.7,51.56,2.7,0,0,0
2022-02-11,11,294,8.74,54.56,2.75,0,0,0
2022-02-11,11,295,7.91,57,2.88,0,0,0
2022-02-12,12,296,7.29,59.12,2.95,0,0,0
2022-02-12,12,297,6.78,61.44,2.9,0,0,0
2022-02-12,12,298,6.26,64.12,2.63,0,0,0
2022-02-12,12,299,5.93,65.94,2.42,0,0,0
2022-02-12,12,300,5.85,66.25,2.13,0,0,0
2022-02-12,12,301,5.98,65.38,1.77,0,0,0
2022-02-12,12,302,7.32,61.94,1.33,15.05,0,0
2022-02-12,12,303,11.6,45.56,1.7,117.45,0,117
2022-02-12,12,304,15.03,34.69,2.37,225.23,0,545
2022-02-12,12,305,17.66,25.25,2.31,313.9,0,1100
2022-02-12,12,306,19.84,19.12,2.56,376.02,0,1409
2022-02-12,12,307,21.37,16.25,2.92,406.95,0,1072
2022-02-12,12,308,22.26,15.12,3.19,404.8,0,1818
2022-02-12,12,309,22.51,14.94,3.32,369.27,0,1935
2022-02-12,12,310,21.95,15.62,3.28,302.83,0,1924
2022-02-12,12,311,20.86,16.94,2.87,210.45,0,1177
2022-02-12,12,312,19.03,20.94,2.2,100.45,0,920
2022-02-12,12,313,14.56,39.69,2.16,8.55,0,251
2022-02-12,12,314,12.94,41.25,2.93,0,0,19
2022-02-12,12,315,12.33,45.81,4.42,0,0,0
2022-02-12,12,316,11.8,60.94,5.47,0,0,0
2022-02-12,12,317,11,79.81,5.57,0,0,0
2022-02-12,12,318,10.54,88.81,6,0,0,0
2022-02-12,12,319,9.99,89.62,6.16,0,0,0
2022-02-13,13,320,9.15,88.88,6.3,0,0,0
2022-02-13,13,321,8.2,87.12,6.41,0,0,0
2022-02-13,13,322,7.35,85.38,6.15,0,0,0
2022-02-13,13,323,6.74,84,5.94,0,0,0
2022-02-13,13,324,6.26,83.69,5.89,0,0,0
2022-02-13,13,325,5.8,84.06,5.76,0,0,0
2022-02-13,13,326,6.06,80.81,6.23,13.17,0,0
2022-02-13,13,327,8.43,67.5,7.44,109.48,0,247
2022-02-13,13,328,11.48,55,7.41,217.98,0,873
2022-02-13,13,329,14.24,46.06,6.77,308.08,0.01,69
2022-02-13,13,330,16.6,39.62,6,371.27,0,1
2022-02-13,13,331,18.33,35.62,5.39,404.77,0,1
2022-02-13,13,332,19.39,33.31,5.17,402.98,0,6
2022-02-13,13,333,19.51,33.19,5.43,367.02,0,16
2022-02-13,13,334,18.88,34.38,6.06,299.92,0,277
2022-02-13,13,335,17.56,36.75,6.93,206.62,0,243
2022-02-13,13,336,15.1,42,7.72,96.77,0,899
2022-02-13,13,337,11.45,51.69,7.47,8.27,0,400
2022-02-13,13,338,8.8,59.44,7.35,0,0,1
2022-02-13,13,339,7.44,62.38,6.9,0,0,0
2022-02-13,13,340,6.55,63.38,6.23,0,0,0
2022-02-13,13,341,5.98,63.56,5.8,0,0,0
2022-02-13,13,342,5.7,63.31,5.5,0,0,0
2022-02-13,13,343,5.65,63.25,5.22,0,0,0
2022-02-14,14,344,5.73,63.75,4.93,0,0,0
2022-02-14,14,345,5.82,64.69,4.63,0,0,0
2022-02-14,14,346,5.83,65.94,4.45,0,0,0
2022-02-14,14,347,5.88,66.69,4.44,0,0,0
2022-02-14,14,348,5.87,67.19,4.15,0,0,0
2022-02-14,14,349,5.69,68.12,3.68,0,0,0
2022-02-14,14,350,6.15,65.94,3.69,11.4,0,0
2022-02-14,14,351,9.19,55.38,3.7,94.67,0,101
2022-02-14,14,352,13.62,45.19,3.74,200.6,0,1130
2022-02-14,14,353,17.9,39.44,3.15,292.15,0,2521
2022-02-14,14,354,20.56,35,2.24,357.15,0.01,3878
2022-02-14,14,355,22.08,32.5,1.74,408.65,0.03,2784
2022-02-14,14,356,22.54,31.81,1.99,405.42,0.07,3031
2022-02-14,14,357,21.77,33.88,2.47,367.7,0.13,3049
2022-02-14,14,358,20.31,38.06,2.61,299.77,0.17,3243
2022-02-14,14,359,18.58,43.56,2.75,206.17,0.13,1433
2022-02-14,14,360,16.69,50.94,3.07,96.52,0.06,1409
2022-02-14,14,361,14.69,59.88,3.2,8.55,0.03,365
2022-02-14,14,362,13.21,64.94,3.52,0,0.02,50
2022-02-14,14,363,11.85,67.69,3.4,0,0.01,0
2022-02-14,14,364,10.57,70.19,3.56,0,0.01,0
2022-02-14,14,365,9.52,72.5,3.69,0,0.01,0
2022-02-14,14,366,8.76,74.62,3.45,0,0.01,0
2022-02-14,14,367,8.17,77.62,3.07,0,0.01,0
2022-02-15,15,368,7.73,81.12,2.62,0,0.01,0
2022-02-15,15,369,7.36,84.75,2.15,0,0.01,0
2022-02-15,15,370,7.14,87.5,2,0,0.01,0
2022-02-15,15,371,6.8,90.88,2.08,0,0,0
2022-02-15,15,372,6.61,93.19,2.07,0,0,0
2022-02-15,15,373,6.74,93.06,2.03,0,0,0
2022-02-15,15,374,8.56,84.5,1.95,13.12,0,0
2022-02-15,15,375,13.05,64,2.15,104.83,0,330
2022-02-15,15,376,17.77,44.94,2.24,211.6,0,2146
2022-02-15,15,377,20.4,36.12,2.14,302.25,0,3496
2022-02-15,15,378,22.26,30.56,1.96,366.08,0,4308
2022-02-15,15,379,23.53,27.31,2.1,407.15,0,4536
2022-02-15,15,380,24.27,25.25,2.41,404.65,0.01,4784
2022-02-15,15,381,24.49,24.06,2.69,368.55,0.01,4227
2022-02-15,15,382,24.29,23.31,2.86,301.23,0,3831
2022-02-15,15,383,23.58,23.25,2.95,208,0,2698
2022-02-15,15,384,21.87,26.5,2.52,98.73,0,1308
2022-02-15,15,385,17.47,43.62,2.05,8.95,0,253
2022-02-15,15,386,16.15,44.38,2,0,0,32
2022-02-15,15,387,15.64,43.19,1.69,0,0,0
2022-02-15,15,388,15.44,42.25,1.37,0,0,0
2022-02-15,15,389,15.05,42.62,1.21,0,0,0
2022-02-15,15,390,14.26,45.06,1.3,0,0,0
2022-02-15,15,391,13.15,48.5,1.55,0,0,0
2022-02-16,16,392,11.9,52.88,1.88,0,0,0
2022-02-16,16,393,10.67,57.44,2.19,0,0,0
2022-02-16,16,394,9.57,62.5,2.39,0,0,0
2022-02-16,16,395,8.95,66.12,2.38,0,0,0
2022-02-16,16,396,8.65,67.88,2.2,0,0,0
2022-02-16,16,397,8.44,68.81,1.85,0,0,0
2022-02-16,16,398,9.75,65,1.4,15,0,0
2022-02-16,16,399,13.8,49.31,1.72,114.62,0,355
2022-02-16,16,400,18.51,36.81,2.95,223.92,0,2095
2022-02-16,16,401,21.1,31.62,3.37,314.5,0,3357
2022-02-16,16,402,22.96,27.88,3.79,377.98,0,4385
2022-02-16,16,403,24.31,24.5,4.16,412.02,0,4779
2022-02-16,16,404,25.21,21.69,4.4,409.67,0,1303
2022-02-16,16,405,25.57,19.69,4.57,373.88,0,0
2022-02-16,16,406,25.4,18.69,4.64,307.42,0,0
2022-02-16,16,407,24.62,18.75,4.66,215.17,0,0
2022-02-16,16,408,22.73,21.31,3.96,105.33,0,0
2022-02-16,16,409,16.93,39.06,2.87,10.15,0,0
2022-02-16,16,410,15.05,42.62,3.06,0,0,0
2022-02-16,16,411,14.03,44.69,3.04,0,0,0
2022-02-16,16,412,12.97,47.5,3.07,0,0,0
2022-02-16,16,413,11.9,51.12,3.08,0,0,0
2022-02-16,16,414,11.06,55.25,3.03,0,0,0
2022-02-16,16,415,10.31,59.69,3.01,0,0,0
2022-02-17,17,416,9.58,64.25,2.94,0,0,0
2022-02-17,17,417,8.92,68.44,2.88,0,0,0
2022-02-17,17,418,8.51,71.25,2.76,0,0,0
2022-02-17,17,419,8.3,72.56,2.57,0,0,0
2022-02-17,17,420,8.22,72.56,2.31,0,0,0
2022-02-17,17,421,8.07,72.81,2.06,0,0,0
2022-02-17,17,422,9.59,67.38,1.79,18.4,0,0
2022-02-17,17,423,14.01,50.94,1.97,124.5,0,0
2022-02-17,17,424,18.58,38,3.84,233.05,0,0
2022-02-17,17,425,21.4,30.19,4.16,322.27,0,0
2022-02-17,17,426,23.53,25.19,4.27,384.8,0,0
2022-02-17,17,427,25.06,22.25,4.37,416.17,0,0
2022-02-17,17,428,25.98,20.69,4.37,413.55,0,0
2022-02-17,17,429,26.28,20,4.29,377.6,0,0
2022-02-17,17,430,26.05,19.69,4.13,310.88,0,0
2022-02-17,17,431,25.25,19.94,3.83,218.38,0,0
2022-02-17,17,432,23.37,23.12,2.96,107.9,0,0
2022-02-17,17,433,18.12,40.06,2.34,10.67,0,0
2022-02-17,17,434,16.76,40.75,2.34,0,0,0
2022-02-17,17,435,16.21,40.38,2.14,0,0,0
2022-02-17,17,436,15.01,42.69,2.18,0,0,0
2022-02-17,17,437,13.31,47.38,2.55,0,0,0
2022-02-17,17,438,11.8,52.56,2.89,0,0,0
2022-02-17,17,439,10.65,58.5,2.98,0,0,0
2022-02-18,18,440,9.75,64.94,3.07,0,0,0
2022-02-18,18,441,9.05,72.31,3.19,0,0,0
2022-02-18,18,442,8.5,80.31,3.26,0,0,0
2022-02-18,18,443,7.93,87.94,3.26,0,0,0
2022-02-18,18,444,7.55,92.94,3.4,0,0,0
2022-02-18,18,445,7.26,95.75,3.64,0,0,0
2022-02-18,18,446,8.4,87.69,4.57,17.77,0,0
2022-02-18,18,447,12.17,64.25,4.98,120.95,0,0
2022-02-18,18,448,16.47,45.06,4.61,228.05,0,0
2022-02-18,18,449,20.8,30.75,3.68,316.35,0,0
2022-02-18,18,450,24.01,23.19,2.59,378.05,0,3875
2022-02-18,18,451,25.7,20.38,2.1,412.33,0,4481
2022-02-18,18,452,26.72,18.94,1.9,409.35,0,4720
2022-02-18,18,453,27.08,18.38,2.02,372.58,0,4223
2022-02-18,18,454,27.08,17.94,2.25,304.8,0,3580
2022-02-18,18,455,26.48,17.94,2.49,210.95,0,2595
2022-02-18,18,456,24.49,21.81,2.33,100.7,0,1288
2022-02-18,18,457,19.05,36.5,2.76,9.6,0,303
2022-02-18,18,458,16.64,39,3.89,0,0,43
2022-02-18,18,459,14.88,43.12,4.79,0,0,0
2022-02-18,18,460,13.33,48.38,4.53,0,0,0
2022-02-18,18,461,12.34,52.31,4.09,0,0,0
2022-02-18,18,462,11.47,55.88,3.39,0,0,0
2022-02-18,18,463,10.87,58.25,2.91,0,0,0
2022-02-19,19,464,10.16,60.75,2.77,0,0,0
2022-02-19,19,465,9.54,62.69,2.74,0,0,0
2022-02-19,19,466,9.02,64.25,2.7,0,0,0
2022-02-19,19,467,8.63,65.69,2.61,0,0,0
2022-02-19,19,468,8.34,67.5,2.5,0,0,0
2022-02-19,19,469,8.12,71,2.36,0,0,0
2022-02-19,19,470,10.16,65.69,2.29,13.02,0,0
2022-02-19,19,471,15.1,52.06,2.28,93.02,0,116
2022-02-19,19,472,19.59,40.88,1.21,186.67,0,1622
2022-02-19,19,473,22.79,31.69,0.21,259.67,0,3447
2022-02-19,19,474,25.01,26,0.87,339.52,0,4400
2022-02-19,19,475,26.53,22.69,1.46,414.48,0,4706
2022-02-19,19,476,27.42,20.69,1.88,411.23,0,4644
2022-02-19,19,477,27.67,19.69,2.26,374.75,0,4231
2022-02-19,19,478,27.35,19.44,2.74,306.05,0,3578
2022-02-19,19,479,26.18,20.5,3.75,211.08,0.01,2565
2022-02-19,19,480,23.42,24.62,5.38,100.02,0.01,1286
2022-02-19,19,481,18.11,36.19,6.49,9.6,0.01,377
2022-02-19,19,482,14.74,41.5,7.18,0,0,33
2022-02-19,19,483,12.22,47.19,6.52,0,0,0
2022-02-19,19,484,10.91,50.38,5.54,0,0,0
2022-02-19,19,485,10.26,52.62,4.45,0,0,0
2022-02-19,19,486,9.93,54.56,3.52,0,0,0
2022-02-19,19,487,9.58,57.75,2.47,0,0,0
2022-02-20,20,488,9.24,61.38,2.16,0,0,0
2022-02-20,20,489,8.97,65.44,1.98,0,0,0
2022-02-20,20,490,8.94,69.12,1.91,0,0,0
2022-02-20,20,491,9.01,72.5,1.75,0,0,0
2022-02-20,20,492,9.13,75.25,1.6,0,0,0
2022-02-20,20,493,9.31,77.19,1.42,0,0,0
2022-02-20,20,494,10.95,71.62,1.15,14.25,0,0
2022-02-20,20,495,15.33,56.38,1.67,97.25,0,368
2022-02-20,20,496,19.26,46,2.98,204.6,0,573
2022-02-20,20,497,21.8,38.75,2.79,291.98,0,110
2022-02-20,20,498,23.91,32.56,2.27,356.27,0,500
2022-02-20,20,499,25.49,28.12,1.66,413.3,0,1435
2022-02-20,20,500,26.47,25.19,1.06,409.23,0,3511
2022-02-20,20,501,26.89,23.5,0.62,371.7,0,4275
2022-02-20,20,502,26.89,22.56,0.62,301.2,0,3169
2022-02-20,20,503,26.31,22.56,0.99,202.65,0,2600
2022-02-20,20,504,24.73,25.38,1.25,93.92,0,1332
2022-02-20,20,505,21.03,39.69,1.39,9,0,311
2022-02-20,20,506,19.54,40.69,1.45,0,0,67
2022-02-20,20,507,18.64,42.38,1.48,0,0,0
2022-02-20,20,508,17.69,44.38,1.59,0,0,0
2022-02-20,20,509,16.48,47.25,1.54,0,0,0
2022-02-20,20,510,15.52,49.75,1.41,0,0,0
2022-02-20,20,511,15.04,51.06,1.29,0,0,0
2022-02-21,21,512,14.43,52.69,1.28,0,0,0
2022-02-21,21,513,13.64,54.81,1.33,0,0,0
2022-02-21,21,514,12.98,57.38,1.4,0,0,0
2022-02-21,21,515,12.34,61,1.45,0,0,0
2022-02-21,21,516,11.64,65.06,1.49,0,0,0
2022-02-21,21,517,10.8,70.19,1.65,0,0,0
2022-02-21,21,518,11.9,67.19,1.79,16.6,0,0
2022-02-21,21,519,16.33,51.31,2.05,113.85,0,337
2022-02-21,21,520,20.77,36.88,1.75,222.48,0,1924
2022-02-21,21,521,23.6,29.19,1.35,313.67,0,2819
2022-02-21,21,522,25.57,24.88,1.23,377.67,0,4240
2022-02-21,21,523,26.95,22.06,1.42,417.23,0,4278
2022-02-21,21,524,27.83,20.25,1.81,413.95,0,3355
2022-02-21,21,525,28.15,19.25,2.29,377.15,0,4271
2022-02-21,21,526,27.98,18.94,2.77,309.27,0,3404
2022-02-21,21,527,27.19,19.69,3.17,215.5,0,2575
2022-02-21,21,528,25.43,22.94,3.02,105.1,0.04,1326
2022-02-21,21,529,20.79,37.69,2.33,10.88,0,323
2022-02-21,21,530,18.87,41.38,2.4,0,0,10
2022-02-21,21,531,17.89,44.25,2.22,0,0,0
2022-02-21,21,532,17.04,46.94,2.19,0,0,0
2022-02-21,21,533,16.01,50.25,2.3,0,0,0
2022-02-21,21,534,14.76,54.44,2.53,0,0,0
2022-02-21,21,535,13.57,58.56,2.57,0,0,0
2022-02-22,22,536,12.76,61.5,2.55,0,0.07,0
2022-02-22,22,537,12.17,63.62,2.39,0,0.07,0
2022-02-22,22,538,11.55,65.44,2.18,0,0.07,0
2022-02-22,22,539,10.87,66.94,1.95,0,0,0
2022-02-22,22,540,10.38,67.12,1.64,0,0,0
2022-02-22,22,541,10.16,66.56,1.25,0,0,0
2022-02-22,22,542,11.52,62.44,0.84,20.2,0,0
2022-02-22,22,543,15.19,49.31,1.09,125.35,0,377
2022-02-22,22,544,20.34,34.31,2.09,233.48,0,2146
2022-02-22,22,545,23.28,29,1.65,323.7,0,3528
2022-02-22,22,546,25.51,25.19,1.62,386.38,0,4349
2022-02-22,22,547,27.19,22,1.93,419.65,0,4677
2022-02-22,22,548,28.18,19.81,2.24,416.85,0,4678
2022-02-22,22,549,28.55,18.5,2.46,380.38,0,4334
2022-02-22,22,550,28.4,17.75,2.62,312.42,0,3058
2022-02-22,22,551,27.63,17.75,2.77,219.2,0,2277
2022-02-22,22,552,25.83,20,2.68,107.73,0,1323
2022-02-22,22,553,20.43,34.94,2.39,11.62,0,281
2022-02-22,22,554,18.52,37.19,2.58,0,0,29
2022-02-22,22,555,18.08,36.94,2.34,0,0,0
2022-02-22,22,556,18.03,35.38,1.81,0,0,0
2022-02-22,22,557,17.89,33.94,1.26,0,0,0
2022-02-22,22,558,17.26,35,0.81,0,0,0
2022-02-22,22,559,16.34,37.12,0.65,0,0,0
2022-02-23,23,560,15.4,38.88,0.82,0,0,0
2022-02-23,23,561,14.3,41.62,1.07,0,0,0
2022-02-23,23,562,13.26,44.5,1.28,0,0,0
2022-02-23,23,563,12.25,47.88,1.44,0,0,0
2022-02-23,23,564,11.45,50.69,1.53,0,0,0
2022-02-23,23,565,10.69,54,1.67,0,0,0
2022-02-23,23,566,11.83,53.12,1.73,21.05,0,0
2022-02-23,23,567,16.25,38.88,1.97,127.42,0,371
2022-02-23,23,568,21.38,26,0.55,236.2,0,2043
2022-02-23,23,569,25.37,18.5,1.36,325.92,0,3366
2022-02-23,23,570,27.62,15.19,1.99,388.75,0,4084
2022-02-23,23,571,29.12,13.12,2.21,419.27,0,4358
2022-02-23,23,572,30.07,11.81,2.35,416.52,0,4498
2022-02-23,23,573,30.39,11.06,2.57,379.9,0,4248
2022-02-23,23,574,30.22,10.62,3.05,311.85,0,3170
2022-02-23,23,575,29.33,10.75,3.77,217.62,0,2596
2022-02-23,23,576,26.92,14.75,4.39,106.38,0,1327
2022-02-23,23,577,21.48,25.06,4.49,11.27,0,319
2022-02-23,23,578,18.78,30.62,4.87,0,0,42
2022-02-23,23,579,16.5,39.38,4.07,0,0,0
2022-02-23,23,580,14.87,47.81,3.34,0,0,0
2022-02-23,23,581,13.54,55,2.83,0,0,0
2022-02-23,23,582,12.54,60.31,2.49,0,0,0
2022-02-23,23,583,11.81,64.12,2.33,0,0,0
2022-02-24,24,584,11.26,66.94,2.27,0,0,0
2022-02-24,24,585,10.64,70.25,2.31,0,0,0
2022-02-24,24,586,9.98,74.31,2.45,0,0,0
2022-02-24,24,587,9.47,78.25,2.59,0,0,0
2022-02-24,24,588,9.08,82.12,2.68,0,0,0
2022-02-24,24,589,8.79,86.25,2.61,0,0.01,0
2022-02-24,24,590,11.01,77.5,2.97,19.4,0.02,0
2022-02-24,24,591,15.56,61.12,3.3,119.98,0.01,408
2022-02-24,24,592,20.22,41.5,3.35,227.7,0,2108
2022-02-24,24,593,23.43,30.44,3.19,317.62,0,3455
2022-02-24,24,594,25.73,24.44,2.97,380.83,0,4189
2022-02-24,24,595,27.37,20.62,2.71,409.88,0,4557
2022-02-24,24,596,28.35,18.5,2.49,406.58,0.01,4651
2022-02-24,24,597,28.65,17.5,2.3,369.3,0.02,4290
2022-02-24,24,598,28.57,16.81,2.16,300.62,0.03,3295
2022-02-24,24,599,27.84,16.69,1.9,206.25,0.03,2697
2022-02-24,24,600,26.08,19.94,1.12,97.4,0.01,1274
2022-02-24,24,601,22.1,32,0.13,10.27,0.01,233
2022-02-24,24,602,19.3,38.56,1.24,0,0,43
2022-02-24,24,603,17.65,45.81,2.12,0,0,0
2022-02-24,24,604,16.43,53.62,2.64,0,0,0
2022-02-24,24,605,15.31,61.19,2.52,0,0,0
2022-02-24,24,606,14.48,66.94,2.2,0,0,0
2022-02-24,24,607,13.87,70.94,1.91,0,0,0
2022-02-25,25,608,13.65,73.25,1.5,0,0,0
2022-02-25,25,609,13.55,74.38,1.2,0,0,0
2022-02-25,25,610,12.9,78.12,1.65,0,0.01,0
2022-02-25,25,611,11.63,85.81,2.41,0,0.01,0
2022-02-25,25,612,11,90.69,2.79,0,0.01,0
2022-02-25,25,613,10.69,93.88,2.94,0,0,0
2022-02-25,25,614,12.27,87,3.93,18.23,0,0
2022-02-25,25,615,15.89,70,4.74,111.9,0,332
2022-02-25,25,616,19.71,52.81,3.85,218.5,0,1991
2022-02-25,25,617,22.62,42,2.76,307.27,0,3446
2022-02-25,25,618,24.76,34.62,2.27,370.77,0,4183
2022-02-25,25,619,26.21,29.62,2.24,410.23,0,4726
2022-02-25,25,620,26.87,27.06,2.42,407.15,0.01,4712
2022-02-25,25,621,26.86,26.25,2.65,369.92,0.01,4311
2022-02-25,25,622,26.58,26.06,3.05,301.08,0.01,3604
2022-02-25,25,623,25.59,27.38,3.55,206.17,0.01,2596
2022-02-25,25,624,23.79,31.12,4.2,97.05,0.01,1626
2022-02-25,25,625,20.71,42.38,4.55,10.42,0.01,436
2022-02-25,25,626,18.39,51.56,5.48,0,0.01,60
2022-02-25,25,627,16.4,61,6.34,0,0,0
2022-02-25,25,628,14.54,71.44,6.07,0,0,0
2022-02-25,25,629,13.35,78.44,5.32,0,0.01,0
2022-02-25,25,630,12.73,81.62,4.7,0,0.01,0
2022-02-25,25,631,12.26,83.75,4.22,0,0.01,0
2022-02-26,26,632,11.82,85.5,3.67,0,0.01,0
2022-02-26,26,633,11.34,87.5,2.92,0,0,0
2022-02-26,26,634,11.15,87.75,2.62,0,0,0
2022-02-26,26,635,11.01,87.5,2.15,0,0,0
2022-02-26,26,636,10.89,86.81,1.8,0,0,0
2022-02-26,26,637,10.57,87.31,1.76,0,0,0
2022-02-26,26,638,12.38,76.81,2.16,16.65,0,0
2022-02-26,26,639,16.26,59.69,2.14,101.1,0,419
2022-02-26,26,640,20.17,45.94,1.61,206.27,0,2263
2022-02-26,26,641,23.16,36.88,0.8,296.48,0,3592
2022-02-26,26,642,25.38,30.81,1.39,357.67,0,4433
2022-02-26,26,643,26.6,27.31,2.19,411.98,0,4747
2022-02-26,26,644,27.38,25,2.69,406.92,0,4587
2022-02-26,26,645,27.76,23.75,3.01,359.1,0,4306
2022-02-26,26,646,27.3,24,3.43,280.45,0,3634
2022-02-26,26,647,26.3,25.44,3.87,179.8,0,2551
2022-02-26,26,648,24.64,28.56,4.23,74.67,0,1323
2022-02-26,26,649,21.37,38.69,3.91,8.92,0,200
2022-02-26,26,650,19.17,46.12,4.59,0,0,12
2022-02-26,26,651,17.38,53.38,4.88,0,0,0
2022-02-26,26,652,15.63,61.88,4.49,0,0,0
2022-02-26,26,653,14.2,69.62,3.78,0,0,0
2022-02-26,26,654,13.19,75.44,3.23,0,0,0
2022-02-26,26,655,12.38,80,2.88,0,0,0
2022-02-27,27,656,11.64,83.88,2.53,0,0,0
2022-02-27,27,657,10.91,87.44,2.26,0,0,0
2022-02-27,27,658,10.28,90.38,2.28,0,0,0
2022-02-27,27,659,9.78,92.19,2.37,0,0,0
2022-02-27,27,660,9.41,92.81,2.44,0,0,0
2022-02-27,27,661,9,93.44,2.42,0,0,0
2022-02-27,27,662,10.79,81.12,2.81,15.98,0,0
2022-02-27,27,663,15.03,57.94,2.69,95.5,0,522
2022-02-27,27,664,19.6,36.69,2.85,202.23,0,2357
2022-02-27,27,665,22.97,26.38,3.71,295.83,0,3623
2022-02-27,27,666,25.13,21.56,4.4,363.1,0,4394
2022-02-27,27,667,26.45,18.88,4.88,428.02,0,4759
2022-02-27,27,668,27.12,17.25,5.29,423.3,0,4761
2022-02-27,27,669,27.1,16.69,5.68,384.23,0,4474
2022-02-27,27,670,26.38,17.12,6.08,311.35,0,3788
2022-02-27,27,671,24.91,18.88,6.52,214.92,0,2765
2022-02-27,27,672,22.47,23,6.9,104.58,0,1427
2022-02-27,27,673,18.65,32.69,6.22,11.73,0,290
2022-02-27,27,674,15.6,45.75,5.99,0,0,20
2022-02-27,27,675,13.43,59.31,5.8,0,0,0
2022-02-27,27,676,11.87,70.19,5.37,0,0,0
2022-02-27,27,677,10.66,77.81,4.82,0,0,0
2022-02-27,27,678,9.65,83.06,4.04,0,0,0
2022-02-27,27,679,8.8,86.75,3.39,0,0,0
2022-02-28,28,680,7.96,90.38,2.67,0,0,0
2022-02-28,28,681,7.26,93.69,2.07,0,0,0
2022-02-28,28,682,6.82,96.12,1.95,0,0,0
2022-02-28,28,683,6.51,98.31,1.93,0,0,0
2022-02-28,28,684,6.35,99.88,1.93,0,0,0
2022-02-28,28,685,6.38,100,2.17,0,0,0
2022-02-28,28,686,8.55,87.62,2.44,20.55,0,0
2022-02-28,28,687,13.05,66.12,1.96,121.83,0,164
2022-02-28,28,688,17.65,45.06,1.08,232.45,0,887
2022-02-28,28,689,21.51,29,2.16,324.15,0,2860
2022-02-28,28,690,24.21,20.38,3.2,388.1,0,4718
2022-02-28,28,691,25.8,16.62,4.18,431.95,0,4965
2022-02-28,28,692,26.55,15.06,5,427.95,0,4922
2022-02-28,28,693,26.48,14.94,5.7,390.02,0,4498
2022-02-28,28,694,25.85,15.5,6.21,320.73,0,3763
2022-02-28,28,695,24.55,17,6.52,225.42,0,2668
2022-02-28,28,696,22.35,19.94,6.49,112.95,0,1367
2022-02-28,28,697,18.37,27.88,4.75,13.25,0,310
2022-02-28,28,698,15.58,35.94,4.36,0,0,37
2022-02-28,28,699,13.88,42.56,4,0,0,0
2022-02-28,28,700,12.41,49,3.61,0,0,0
2022-02-28,28,701,11.16,54.5,3.29,0,0,0
2022-02-28,28,702,10.02,59.12,2.98,0,0,0
2022-02-28,28,703,8.98,62.81,2.74,0,0,0
2022-03-01,1,704,8.19,64.88,2.58,0,0,0
2022-03-01,1,705,7.63,65.94,2.49,0,0,0
2022-03-01,1,706,7.3,66.38,2.45,0,0,0
2022-03-01,1,707,7.14,67.06,2.47,0,0,0
2022-03-01,1,708,7.09,69.06,2.51,0,0,0
2022-03-01,1,709,7.08,73.19,2.53,0,0,0
2022-03-01,1,710,10.12,64.75,2.57,19.15,0,0
2022-03-01,1,711,15.23,52,2.48,112.67,0,668
2022-03-01,1,712,19.61,38.31,1.87,227.12,0,2647
2022-03-01,1,713,22.6,28.38,0.81,320.12,0,3876
2022-03-01,1,714,25.01,22.19,1.47,383.42,0,4407
2022-03-01,1,715,26.78,18.38,2.26,433.17,0,4441
2022-03-01,1,716,27.85,15.88,2.8,429.23,0,4631
2022-03-01,1,717,28.26,14.12,3.29,390.6,0,3962
2022-03-01,1,718,28.17,12.81,3.97,320.62,0,3546
2022-03-01,1,719,27.34,12.19,4.8,224.15,0,2674
2022-03-01,1,720,25.33,13,5.52,110.83,0,1322
2022-03-01,1,721,20.23,20.19,5.1,12.83,0,300
2022-03-01,1,722,17.3,25.62,5.87,0,0,30
2022-03-01,1,723,14.73,35,5.36,0,0,0
2022-03-01,1,724,12.95,45.19,4.43,0,0,0
2022-03-01,1,725,11.74,52.19,3.97,0,0,0
2022-03-01,1,726,10.7,56.81,3.55,0,0,0
2022-03-01,1,727,9.69,60.19,3,0,0,0
2022-03-02,2,728,8.73,62.88,2.59,0,0,0
2022-03-02,2,729,8.26,63.62,2.5,0,0,0
2022-03-02,2,730,8.1,63.69,2.5,0,0,0
2022-03-02,2,731,8.08,65.44,2.52,0,0,0
2022-03-02,2,732,8.07,70.38,2.52,0,0,0
2022-03-02,2,733,8.01,78.06,2.49,0,0,0
2022-03-02,2,734,10.9,70.81,2.5,19.5,0,0
2022-03-02,2,735,15.87,53.81,2.6,107.58,0,689
2022-03-02,2,736,20.41,36,2.58,203.3,0,2550
2022-03-02,2,737,23.43,26.31,2.06,299.15,0,3097
2022-03-02,2,738,25.8,20.25,1.51,365.75,0,4188
2022-03-02,2,739,27.52,16.62,1.25,435,0,4788
2022-03-02,2,740,28.63,14.56,1.32,430.23,0,4559
2022-03-02,2,741,29.11,13.44,1.61,390.3,0,4414
2022-03-02,2,742,29.08,12.69,2.1,318.48,0,3514
2022-03-02,2,743,28.31,12.62,2.75,221.17,0,2642
2022-03-02,2,744,26.44,14.38,3.52,110.33,0,1390
2022-03-02,2,745,21.37,24.25,4,13.12,0,347
2022-03-02,2,746,17.8,31,5.34,0,0,50
2022-03-02,2,747,15.45,41,4.92,0,0,0
2022-03-02,2,748,13.89,51.5,4.01,0,0,0
2022-03-02,2,749,12.74,59.75,3.01,0,0,0
2022-03-02,2,750,11.78,65.06,2.25,0,0,0
2022-03-02,2,751,11.29,67,1.99,0,0,0
2022-03-03,3,752,11.04,67.44,1.72,0,0,0
2022-03-03,3,753,10.87,67.81,1.5,0,0,0
2022-03-03,3,754,10.5,69.94,1.46,0,0,0
2022-03-03,3,755,10.02,73.62,1.52,0,0,0
2022-03-03,3,756,9.64,77.69,1.51,0,0,0
2022-03-03,3,757,9.27,81.62,1.54,0,0,0
2022-03-03,3,758,11.23,72.69,1.71,24.15,0,0
2022-03-03,3,759,15.9,50.25,0.99,127.02,0,625
2022-03-03,3,760,20.72,30.81,0.67,236.55,0,2493
2022-03-03,3,761,24.12,21.31,0.6,326.92,0,3474
2022-03-03,3,762,26.56,16.56,0.47,389.5,0,4306
2022-03-03,3,763,28.26,13.94,0.48,434.95,0,4498
2022-03-03,3,764,29.33,12.5,0.61,430.7,0,4482
2022-03-03,3,765,29.75,11.94,0.95,391.98,0,4032
2022-03-03,3,766,29.6,11.88,1.46,321.62,0,3462
2022-03-03,3,767,28.72,12.69,2.31,224.55,0,2697
2022-03-03,3,768,26.63,16,3.45,110.83,0,1279
2022-03-03,3,769,22.25,28.06,4.47,13.3,0,341
2022-03-03,3,770,18.38,39.75,5.05,0,0,30
2022-03-03,3,771,16.84,48.12,4.86,0,0,0
2022-03-03,3,772,15.46,56.25,3.62,0,0,0
2022-03-03,3,773,14.02,63.81,2.51,0,0,0
2022-03-03,3,774,13.11,69.06,1.94,0,0,0
2022-03-03,3,775,12.46,73,1.76,0,0,0
2022-03-04,4,776,11.94,76.06,1.74,0,0,0
2022-03-04,4,777,11.58,78.38,1.7,0,0,0
2022-03-04,4,778,11.22,80.81,1.69,0,0,0
2022-03-04,4,779,10.84,83.56,1.76,0,0,0
2022-03-04,4,780,10.5,86,1.8,0,0,0
2022-03-04,4,781,10.17,88,1.8,0,0,0
2022-03-04,4,782,12.01,77.25,1.96,24.33,0,0
2022-03-04,4,783,16.28,47.38,2.49,124.9,0,482
2022-03-04,4,784,20.3,27.75,2.98,233.3,0,2150
2022-03-04,4,785,23.48,20.75,2.98,324,0,3513
2022-03-04,4,786,25.62,18.44,2.46,387.75,0,4034
2022-03-04,4,787,27.16,16.81,2.06,434.33,0,4647
2022-03-04,4,788,28.15,15.69,1.9,430,0,4644
2022-03-04,4,789,28.56,15,2,391.33,0,4261
2022-03-04,4,790,28.49,14.5,2.11,321.23,0,3753
2022-03-04,4,791,27.82,14.69,2.1,225.38,0,2275
2022-03-04,4,792,26.28,16.19,1.72,112.77,0,1292
2022-03-04,4,793,22.36,27.06,1.06,13.98,0,665
2022-03-04,4,794,20.43,31.19,1.5,0,0.02,15
2022-03-04,4,795,19.4,36.31,2.46,0,0.03,0
2022-03-04,4,796,17.11,47.88,3.22,0,0.02,0
2022-03-04,4,797,15.43,57.44,2.8,0,0.01,0
2022-03-04,4,798,14.6,62.12,2.16,0,0,0
2022-03-04,4,799,14.12,64.44,2.06,0,0.01,0
2022-03-05,5,800,13.78,66.25,2.39,0,0.01,0
2022-03-05,5,801,13.26,69.31,2.77,0,0.02,0
2022-03-05,5,802,12.78,72.69,2.72,0,0.01,0
2022-03-05,5,803,11.95,78.5,2.65,0,0.01,0
2022-03-05,5,804,11.12,84.69,2.56,0,0.02,0
2022-03-05,5,805,10.65,88.81,2.49,0,0,0
2022-03-05,5,806,12.84,78.88,2.91,28.65,0,0
2022-03-05,5,807,17.09,51.81,3.77,137.1,0,517
2022-03-05,5,808,20.9,35.94,4.01,246.45,0,2188
2022-03-05,5,809,23.42,31.25,3.49,336.83,0,3571
2022-03-05,5,810,25.53,27.25,3.08,399.62,0,4402
2022-03-05,5,811,27.1,24.12,2.91,437.55,0,4791
2022-03-05,5,812,28.06,22,2.98,433.5,0,4748
2022-03-05,5,813,28.43,20.69,3.21,395.5,0,4470
2022-03-05,5,814,28.21,20.19,3.51,326.48,0,3815
2022-03-05,5,815,27.48,20.38,3.63,231.35,0,2546
2022-03-05,5,816,26.01,21.81,3.58,118.7,0,1419
2022-03-05,5,817,21.94,31.69,2.43,15.45,0,337
2022-03-05,5,818,19.64,36.44,2.39,0,0,50
2022-03-05,5,819,18.83,37.69,2.41,0,0,0
2022-03-05,5,820,18.25,39.25,2.63,0,0,0
2022-03-05,5,821,17.39,42.31,3,0,0,0
2022-03-05,5,822,16.08,47.38,2.92,0,0,0
2022-03-05,5,823,15,52.12,2.81,0,0,0
2022-03-06,6,824,14.28,55.88,2.65,0,0,0
2022-03-06,6,825,13.59,59.44,2.62,0,0,0
2022-03-06,6,826,12.85,63.19,2.67,0,0,0
2022-03-06,6,827,11.83,68.38,2.51,0,0,0
2022-03-06,6,828,11.03,72.56,2.37,0,0,0
2022-03-06,6,829,10.49,75.31,2.25,0,0,0
2022-03-06,6,830,12.57,65.31,2.62,33.62,0,0
2022-03-06,6,831,16.98,45.31,3.33,146.95,0,558
2022-03-06,6,832,20.76,33.69,3.43,256.27,0,2322
2022-03-06,6,833,23.48,27.81,2.79,345.8,0,3634
2022-03-06,6,834,25.67,23.75,2.3,407.98,0,4458
2022-03-06,6,835,27.24,21.38,2.24,438.12,0,4877
2022-03-06,6,836,28.25,19.75,2.36,434.3,0,4852
2022-03-06,6,837,28.69,18.81,2.49,396.35,0,4579
2022-03-06,6,838,28.63,18.19,2.67,327.38,0,3748
2022-03-06,6,839,27.98,18.12,2.84,232.45,0,2703
2022-03-06,6,840,26.55,19.19,2.85,119.58,0,1419
2022-03-06,6,841,22.38,29.12,2.13,15.85,0,340
2022-03-06,6,842,20.23,32.19,2.21,0,0,40
2022-03-06,6,843,18.8,34.25,2.1,0,0,0
2022-03-06,6,844,17.38,36.44,2.1,0,0,0
2022-03-06,6,845,15.94,38.88,2.3,0,0,0
2022-03-06,6,846,14.77,41.44,2.62,0,0,0
2022-03-06,6,847,13.71,44.31,2.78,0,0,0
2022-03-07,7,848,12.75,47.31,2.67,0,0,0
2022-03-07,7,849,12.12,49.31,2.57,0,0,0
2022-03-07,7,850,11.6,51,2.46,0,0,0
2022-03-07,7,851,11.09,52.38,2.31,0,0,0
2022-03-07,7,852,10.73,52.88,2.13,0,0,0
2022-03-07,7,853,10.42,53.12,1.93,0,0,0
2022-03-07,7,854,12.51,46.25,1.91,34.8,0,0
2022-03-07,7,855,17.03,32.06,2.42,148.5,0,566
2022-03-07,7,856,21.81,20.81,3.19,257.7,0,2368
2022-03-07,7,857,24.51,16.88,2.63,346.88,0,3711
2022-03-07,7,858,26.55,15,1.99,408.98,0,4448
2022-03-07,7,859,27.98,14.12,1.76,433.98,0,4837
2022-03-07,7,860,28.82,13.88,1.79,429.85,0,3921
2022-03-07,7,861,29.1,13.81,1.92,391.95,0,4123
2022-03-07,7,862,28.98,13.62,2.23,323.1,0,3001
2022-03-07,7,863,28.37,13.56,2.47,228.38,0,2541
2022-03-07,7,864,26.9,14.62,2.1,116.6,0,1450
2022-03-07,7,865,22.58,24.88,1.23,15.38,0,390
2022-03-07,7,866,20.9,28.56,1.9,0,0,70
2022-03-07,7,867,19.81,35.62,3.66,0,0,0
2022-03-07,7,868,17.18,50.19,4.58,0,0,0
2022-03-07,7,869,15.9,60.06,3.93,0,0,0
2022-03-07,7,870,15.19,66,2.93,0,0,0
2022-03-07,7,871,14.62,69.31,2.11,0,0,0
2022-03-08,8,872,14.23,70.94,1.58,0,0,0
2022-03-08,8,873,13.68,72.94,1.22,0,0,0
2022-03-08,8,874,12.84,75.56,1.24,0,0,0
2022-03-08,8,875,11.96,77.62,1.61,0,0,0
2022-03-08,8,876,11.09,78.31,2.03,0,0,0
2022-03-08,8,877,10.54,76.19,2.33,0,0,0
2022-03-08,8,878,12.98,61.06,2.87,36.73,0,0
2022-03-08,8,879,17.76,37.88,3.77,150.73,0,536
2022-03-08,8,880,21.42,27.94,4.83,260,0,2257
2022-03-08,8,881,23.9,24.94,5.35,349.1,0,3538
2022-03-08,8,882,25.95,22.06,5.83,410.6,0,3545
2022-03-08,8,883,27.54,19.31,6.21,441.85,0,2850
2022-03-08,8,884,28.56,17.38,6.54,437.75,0,4531
2022-03-08,8,885,28.9,16.38,6.89,399.88,0,3695
2022-03-08,8,886,28.62,16.19,7.17,331.3,0,3874
2022-03-08,8,887,27.6,16.75,7.22,236.6,0,2603
2022-03-08,8,888,25.69,18.38,6.87,124.05,0,1448
2022-03-08,8,889,21.73,24.38,4.53,17.52,0,350
2022-03-08,8,890,18.46,31,3.63,0,0,40
2022-03-08,8,891,17.05,34.06,3.6,0,0,0
2022-03-08,8,892,15.71,37.56,3.38,0,0,0
2022-03-08,8,893,14.41,41.5,3.08,0,0,0
2022-03-08,8,894,13.3,45.5,2.84,0,0,0
2022-03-08,8,895,12.33,49.19,2.64,0,0,0
2022-03-09,9,896,11.51,52.69,2.49,0,0,0
2022-03-09,9,897,10.88,55.69,2.43,0,0,0
2022-03-09,9,898,9.9,60.81,2.4,0,0,0
2022-03-09,9,899,9.21,65.44,2.43,0,0,0
2022-03-09,9,900,8.63,70.12,2.47,0,0,0
2022-03-09,9,901,8.25,74.19,2.62,0,0,0
2022-03-09,9,902,11.23,62.19,3.04,38.1,0,0
2022-03-09,9,903,16.1,42.19,3.78,152.45,0,790
2022-03-09,9,904,20.33,25.44,4.99,261.48,0,2662
2022-03-09,9,905,23.25,17.88,5.58,350.35,0,3830
2022-03-09,9,906,25.55,14,6.04,411.8,0,4605
2022-03-09,9,907,27.15,11.94,6.43,444.9,0,4742
2022-03-09,9,908,28.08,10.81,6.7,440.08,0,4086
2022-03-09,9,909,28.4,10.25,6.88,401.77,0,4263
2022-03-09,9,910,28.06,10.19,7.16,332.35,0,3643
2022-03-09,9,911,27.01,11,7.27,237.2,0,2717
2022-03-09,9,912,25.17,12.75,6.88,124.27,0,1380
2022-03-09,9,913,20.79,19.19,4.25,17.73,0,360
2022-03-09,9,914,17.46,25.5,3.47,0,0,60
2022-03-09,9,915,16.71,27.88,3.71,0,0,0
2022-03-09,9,916,15.3,32.12,3.22,0,0,0
2022-03-09,9,917,13.94,36.19,2.96,0,0,0
2022-03-09,9,918,12.8,40.06,2.88,0,0,0
2022-03-09,9,919,11.66,44.12,2.86,0,0,0
2022-03-10,10,920,10.77,47.56,2.82,0,0,0
2022-03-10,10,921,10.14,50.31,2.8,0,0,0
2022-03-10,10,922,9.71,52.44,2.81,0,0,0
2022-03-10,10,923,9.24,54.5,2.87,0,0,0
2022-03-10,10,924,8.56,57.12,2.96,0,0,0
2022-03-10,10,925,7.83,59.62,2.97,0,0,0
2022-03-10,10,926,10.71,48.56,3.89,38.45,0,0
2022-03-10,10,927,15.58,33.38,5.16,151.35,0,926
2022-03-10,10,928,19.8,21,6.32,260.42,0,2795
2022-03-10,10,929,22.77,14.5,6.69,349.55,0,3323
2022-03-10,10,930,25.05,11.56,6.88,411.15,0,4322
2022-03-10,10,931,26.79,9.88,6.93,447.7,0,4765
2022-03-10,10,932,27.95,8.88,6.92,443,0,4982
2022-03-10,10,933,28.45,8.44,6.84,404.52,0,4431
2022-03-10,10,934,28.29,8.44,6.89,335.12,0,3736
2022-03-10,10,935,27.33,9.06,6.84,240.02,0,2846
2022-03-10,10,936,25.53,10.5,6.41,126.95,0,1460
2022-03-10,10,937,20.57,16.94,3.88,18.7,0,340
2022-03-10,10,938,16.97,23.19,3.53,0,0,10
2022-03-10,10,939,15.94,25.94,3.71,0,0,0
2022-03-10,10,940,14.83,29.19,3.61,0,0,0
2022-03-10,10,941,13.25,33.31,3.36,0,0,0
2022-03-10,10,942,12.1,37,3.19,0,0,0
2022-03-10,10,943,11.11,40.88,3.12,0,0,0
2022-03-11,11,944,10.31,44.81,3.16,0,0,0
2022-03-11,11,945,9.71,48.62,3.28,0,0,0
2022-03-11,11,946,9.17,52.88,3.41,0,0,0
2022-03-11,11,947,8.54,57.75,3.48,0,0,0
2022-03-11,11,948,7.85,62.62,3.42,0,0,0
2022-03-11,11,949,7.23,66.88,3.31,0,0,0
2022-03-11,11,950,10.19,54.69,4.11,42.62,0,0
2022-03-11,11,951,15.16,36.25,4.73,158.25,0,891
2022-03-11,11,952,20.33,18.06,6.07,267.48,0,2918
2022-03-11,11,953,23.78,10.88,6.56,356.5,0,3312
2022-03-11,11,954,26.44,7.88,6.73,418.15,0,4240
2022-03-11,11,955,28.52,6.25,6.8,448.62,0,4314
2022-03-11,11,956,29.87,5.38,6.71,443.95,0,5031
2022-03-11,11,957,30.43,5.06,6.56,405.45,0,4420
2022-03-11,11,958,30.12,5.19,6.46,335.95,0,3801
2022-03-11,11,959,28.98,5.75,6.21,240.58,0,2860
2022-03-11,11,960,26.94,6.94,5.48,127.2,0,1520
2022-03-11,11,961,20.54,14.44,3.22,18.88,0,370
2022-03-11,11,962,16.9,19.69,3.13,0,0,30
2022-03-11,11,963,15.65,22.38,2.92,0,0,0
2022-03-11,11,964,15.16,23.5,2.41,0,0,0
2022-03-11,11,965,15.32,22.94,1.57,0,0,0
2022-03-11,11,966,14.67,23.31,1.53,0,0,0
2022-03-11,11,967,12.42,29.94,2.57,0,0,0
2022-03-12,12,968,10.53,40.25,3.24,0,0,0
2022-03-12,12,969,9.65,53.19,3.67,0,0,0
2022-03-12,12,970,9.3,67.38,4.25,0,0,0
2022-03-12,12,971,9.33,80,4.66,0,0,0
2022-03-12,12,972,9.22,89.44,5.33,0,0,0
2022-03-12,12,973,8.81,92.62,5.98,0,0,0
2022-03-12,12,974,9.64,82.25,7.18,41.27,0,0
2022-03-12,12,975,11.85,63.62,7.95,154.98,0,750
2022-03-12,12,976,14.15,49.19,7.78,263.75,0,2603
2022-03-12,12,977,16.62,38.38,7.15,352.38,0,3905
2022-03-12,12,978,19.51,29.5,6.28,413.4,0,4915
2022-03-12,12,979,22.28,23.06,5.3,445.73,0,5040
2022-03-12,12,980,24.53,18.56,4.37,440.12,0,5034
2022-03-12,12,981,25.74,16.12,3.95,400.98,0,4707
2022-03-12,12,982,25.87,15.25,4.23,330.3,0,3945
2022-03-12,12,983,24.92,15.56,4.79,233.27,0,2851
2022-03-12,12,984,22.53,17.62,5.74,119.15,0,1520
2022-03-12,12,985,17.63,24.06,6.34,16.58,0,410
2022-03-12,12,986,13.24,30.56,6.9,0,0,60
2022-03-12,12,987,10.24,35.25,7.1,0,0,0
2022-03-12,12,988,8.19,38.88,6.61,0,0,0
2022-03-12,12,989,7.24,40.62,5.85,0,0,0
2022-03-12,12,990,6.84,41.75,4.5,0,0,0
2022-03-12,12,991,6.65,43.56,3.38,0,0,0
2022-03-13,13,992,6.55,47,2.57,0,0,0
2022-03-13,13,993,6.52,52.5,2.37,0,0,0
2022-03-13,13,994,6.65,58.88,2.55,0,0,0
2022-03-13,13,995,6.79,65.56,2.84,0,0,0
2022-03-13,13,996,6.83,72.25,2.97,0,0,0
2022-03-13,13,997,6.73,78.62,2.93,0,0,0
2022-03-13,13,998,10.36,64.94,3.18,36.33,0,0
2022-03-13,13,999,15.51,46.06,3.56,144.23,0,947
2022-03-13,13,1000,20.12,29.81,4.31,254.17,0,2849
2022-03-13,13,1001,23.15,22.5,4.07,344.15,0,3948
2022-03-13,13,1002,25.56,18.06,3.75,406.48,0,4615
2022-03-13,13,1003,27.44,15,3.59,449.4,0,4965
2022-03-13,13,1004,28.73,13,3.58,443.85,0,4991
2022-03-13,13,1005,29.36,11.88,3.65,404.27,0,4514
2022-03-13,13,1006,29.37,11.38,3.78,333.45,0,3900
2022-03-13,13,1007,28.6,11.69,3.89,236.67,0,2811
2022-03-13,13,1008,27.06,12.88,3.8,122.65,0,1500
2022-03-13,13,1009,21.7,21.31,2.31,17.5,0,380
2022-03-13,13,1010,18.81,26.5,2.19,0,0,50
2022-03-13,13,1011,17.45,30.19,2.17,0,0,0
2022-03-13,13,1012,16.22,34.25,2.52,0,0,0
2022-03-13,13,1013,14.81,39.12,2.66,0,0,0
2022-03-13,13,1014,13.55,44.25,2.74,0,0,0
2022-03-13,13,1015,12.65,48.81,2.66,0,0,0
2022-03-14,14,1016,12.03,52.5,2.54,0,0,0
2022-03-14,14,1017,11.67,54.88,2.34,0,0,0
2022-03-14,14,1018,11.31,57.38,2.15,0,0,0
2022-03-14,14,1019,10.86,60.25,1.99,0,0,0
2022-03-14,14,1020,10.42,63,1.9,0,0,0
2022-03-14,14,1021,9.96,65.81,1.89,0,0,0
2022-03-14,14,1022,12.34,57,1.99,41.9,0,0
2022-03-14,14,1023,16.76,44.12,2.75,154.95,0,822
2022-03-14,14,1024,20.88,33.5,3.59,264.12,0,2459
2022-03-14,14,1025,23.85,26.19,3.69,353.08,0,3764
2022-03-14,14,1026,26.19,20.94,3.75,414.12,0,4736
2022-03-14,14,1027,27.94,17.44,3.83,448.1,0,4872
2022-03-14,14,1028,29.07,15.44,4.02,442.38,0,4682
2022-03-14,14,1029,29.56,14.38,4.29,402.88,0,4565
2022-03-14,14,1030,29.43,14,4.65,332.35,0,3841
2022-03-14,14,1031,28.62,14.25,4.86,235.92,0,2580
2022-03-14,14,1032,27.05,15.31,4.78,122.3,0,1370
2022-03-14,14,1033,22.21,21.75,2.97,17.75,0,330
2022-03-14,14,1034,18.87,27,2.86,0,0,50
2022-03-14,14,1035,18.19,28.12,2.47,0,0,0
2022-03-14,14,1036,17.85,28.88,1.76,0,0,0
2022-03-14,14,1037,16.99,31.19,1.26,0,0,0
2022-03-14,14,1038,15.8,34.75,1.17,0,0,0
2022-03-14,14,1039,14.59,39.31,1.5,0,0,0
2022-03-15,15,1040,13.48,44.94,1.76,0,0,0
2022-03-15,15,1041,12.74,49.5,1.71,0,0,0
2022-03-15,15,1042,12.2,53.06,1.58,0,0,0
2022-03-15,15,1043,11.68,56.62,1.35,0,0,0
2022-03-15,15,1044,11.42,58.94,0.79,0,0,0
2022-03-15,15,1045,10.95,61.88,0.73,0,0,0
2022-03-15,15,1046,12.76,56,1.86,44.45,0,0
2022-03-15,15,1047,17.19,40.31,3.14,157,0,817
2022-03-15,15,1048,20.93,30.38,4.14,265.48,0,2557
2022-03-15,15,1049,23.4,26.44,4.58,353.85,0,3909
2022-03-15,15,1050,25.31,23.88,4.53,414.67,0,4227
2022-03-15,15,1051,26.73,22.06,4.36,444.33,0,4980
2022-03-15,15,1052,27.57,21,4.21,438.23,0,4539
2022-03-15,15,1053,27.8,20.75,4.14,398.42,0.02,3912
2022-03-15,15,1054,27.52,20.81,4.23,327.1,0.03,3772
2022-03-15,15,1055,26.64,21.62,4.63,229.75,0.02,2450
2022-03-15,15,1056,24.82,24.06,5.55,116.25,0.02,1460
2022-03-15,15,1057,21.41,30.44,6.26,16.35,0.01,420
2022-03-15,15,1058,18.28,38.31,6.59,0,0,50
2022-03-15,15,1059,16.11,45.44,6.46,0,0,0
2022-03-15,15,1060,14.57,52.5,5.89,0,0.01,0
2022-03-15,15,1061,13.48,58.94,5.22,0,0,0
2022-03-15,15,1062,12.58,64.75,4.6,0,0,0
2022-03-15,15,1063,11.81,70.19,3.76,0,0,0
2022-03-16,16,1064,11.13,75.19,2.87,0,0,0
2022-03-16,16,1065,10.54,79.69,2.34,0,0,0
2022-03-16,16,1066,10.21,82.88,2.31,0,0,0
2022-03-16,16,1067,10.03,85.5,2.43,0,0,0
2022-03-16,16,1068,9.85,88.31,2.46,0,0,0
2022-03-16,16,1069,9.64,91.38,2.38,0,0,0
2022-03-16,16,1070,12.69,75.88,3.1,37.05,0,1
2022-03-16,16,1071,17.77,52.88,3.1,146.38,0.01,784
2022-03-16,16,1072,21.87,36.94,3.75,253.48,0.03,2522
2022-03-16,16,1073,24.53,28.62,3.7,343.6,0.03,2494
2022-03-16,16,1074,26.62,23.44,3.7,406.85,0.03,4382
2022-03-16,16,1075,28.09,20.06,3.85,448.05,0.02,4783
2022-03-16,16,1076,29.05,17.75,4.15,442.12,0.01,4531
2022-03-16,16,1077,29.43,16.25,4.62,402.27,0,4567
2022-03-16,16,1078,29.22,15.44,5.23,331.38,0,3344
2022-03-16,16,1079,28.3,15.56,5.51,234.83,0,2688
2022-03-16,16,1080,26.74,16.75,5.28,121.85,0,1507
2022-03-16,16,1081,22.78,22.44,3.15,18.05,0,420
2022-03-16,16,1082,19.81,28.19,2.78,0,0,70
2022-03-16,16,1083,18.83,30.94,2.91,0,0,0
2022-03-16,16,1084,18.39,33.19,3.6,0,0,0
2022-03-16,16,1085,18.02,35.56,4.46,0,0,0
2022-03-16,16,1086,16.83,39.94,4.28,0,0,0
2022-03-16,16,1087,15.23,45.5,3.47,0,0,0
2022-03-17,17,1088,13.63,51.19,2.94,0,0,0
2022-03-17,17,1089,12.57,55.19,2.77,0,0,0
2022-03-17,17,1090,11.72,58.69,2.61,0,0,0
2022-03-17,17,1091,11.01,61.88,2.6,0,0,0
2022-03-17,17,1092,10.45,64.69,2.64,0,0,0
2022-03-17,17,1093,10.05,66.81,2.76,0,0,0
2022-03-17,17,1094,13.58,52.94,3.69,49.48,0,1
2022-03-17,17,1095,18.26,36.56,5.3,163.88,0,959
2022-03-17,17,1096,21.51,29.38,6.81,272.73,0,2739
2022-03-17,17,1097,23.97,24.62,7.3,361.58,0,3929
2022-03-17,17,1098,26.05,20.44,7.51,422.48,0,4561
2022-03-17,17,1099,27.66,17.44,7.6,448.7,0,4013
2022-03-17,17,1100,28.69,15.62,7.61,444.58,0,3448
2022-03-17,17,1101,29.08,14.69,7.55,405.4,0,4270
2022-03-17,17,1102,28.85,14.44,7.48,335.27,0,3810
2022-03-17,17,1103,28,15,7.21,239.62,0,2771
2022-03-17,17,1104,26.4,16.38,6.66,126.67,0,1450
2022-03-17,17,1105,22.73,21.12,4.12,19.62,0,410
2022-03-17,17,1106,19.23,27.38,3.06,0,0,60
2022-03-17,17,1107,17.89,30.81,3.05,0,0,0
2022-03-17,17,1108,16.73,34.62,3.03,0,0,0
2022-03-17,17,1109,15.58,39.25,3.06,0,0,0
2022-03-17,17,1110,14.53,44.44,3.13,0,0,0
2022-03-17,17,1111,13.39,50.19,3.1,0,0,0
2022-03-18,18,1112,12.32,55.38,2.9,0,0,0
2022-03-18,18,1113,11.47,59.31,2.67,0,0,0
2022-03-18,18,1114,10.9,61.56,2.48,0,0,0
2022-03-18,18,1115,10.5,62.81,2.29,0,0,0
2022-03-18,18,1116,10.15,63.5,2.11,0,0,0
2022-03-18,18,1117,9.9,63.88,1.91,0,0,0
2022-03-18,18,1118,12.88,51.62,1.81,54.12,0,2
2022-03-18,18,1119,17.98,27.81,2.13,170.08,0,977
2022-03-18,18,1120,22,18.94,2.52,278.83,0,2749
2022-03-18,18,1121,24.39,16,2.05,366.77,0,3793
2022-03-18,18,1122,26.33,13.19,1.84,427.17,0,4503
2022-03-18,18,1123,27.85,11.19,1.83,455.23,0,5013
2022-03-18,18,1124,28.92,9.88,2,449.12,0,4967
2022-03-18,18,1125,29.43,9.06,2.31,409.67,0,4517
2022-03-18,18,1126,29.37,8.62,2.76,339.1,0,3945
2022-03-18,18,1127,28.69,8.44,3.03,243.17,0,2880
2022-03-18,18,1128,27.21,8.81,2.78,129.95,0,1560
2022-03-18,18,1129,22.43,14.31,1.6,20.62,0,400
2022-03-18,18,1130,19.05,19.75,1.66,0,0,50
2022-03-18,18,1131,18.17,25.25,2.26,0,0,0
2022-03-18,18,1132,16.68,35.06,3.08,0,0,0
2022-03-18,18,1133,14.68,47.75,3.56,0,0,0
2022-03-18,18,1134,13.35,57.75,3.34,0,0,0
2022-03-18,18,1135,12.35,64.75,3.07,0,0,0
2022-03-19,19,1136,11.47,69.44,2.76,0,0,0
2022-03-19,19,1137,10.81,71.38,2.6,0,0,0
2022-03-19,19,1138,10.44,71,2.42,0,0,0
2022-03-19,19,1139,10.05,70.44,2.3,0,0,0
2022-03-19,19,1140,9.61,70.12,2.26,0,0,0
2022-03-19,19,1141,9.27,69.5,2.21,0,0,0
2022-03-19,19,1142,12.39,54.44,2.41,53.17,0,2
2022-03-19,19,1143,17.5,31.56,1.79,166.62,0,729
2022-03-19,19,1144,21.9,16.81,1.95,274.42,0,2587
2022-03-19,19,1145,24.69,13.25,2.53,361.9,0,3850
2022-03-19,19,1146,26.81,11.25,2.88,421.38,0,4841
2022-03-19,19,1147,28.36,9.75,3.23,452.9,0,5010
2022-03-19,19,1148,29.3,8.88,3.51,446.2,0,4839
2022-03-19,19,1149,29.66,8.38,3.67,405.67,0,4537
2022-03-19,19,1150,29.55,8.12,3.6,334.15,0,3833
2022-03-19,19,1151,28.87,8.25,3.1,237,0,2822
2022-03-19,19,1152,27.3,9.25,2.12,123.27,0,1530
2022-03-19,19,1153,22.44,15.81,1.32,18.73,0,420
2022-03-19,19,1154,19.82,22.12,3.47,0,0,50
2022-03-19,19,1155,15.9,35.25,5.71,0,0,0
2022-03-19,19,1156,13.76,47.44,5.74,0,0,0
2022-03-19,19,1157,12.65,57.44,5.39,0,0,0
2022-03-19,19,1158,11.42,66,4.47,0,0,0
2022-03-19,19,1159,10.66,71.19,3.77,0,0,0
2022-03-20,20,1160,9.99,75.19,3.42,0,0,0
2022-03-20,20,1161,9.3,79.19,3.12,0,0,0
2022-03-20,20,1162,8.71,83.19,2.82,0,0,0
2022-03-20,20,1163,8.22,86.94,2.55,0,0,0
2022-03-20,20,1164,7.79,90.19,2.32,0,0,0
2022-03-20,20,1165,7.5,91.19,2.13,0,0,0
2022-03-20,20,1166,10.89,70.31,2.82,52.58,0,3
2022-03-20,20,1167,16.39,43.5,2.05,165.6,0,987
2022-03-20,20,1168,22.35,20.38,2.64,274.38,0,2901
2022-03-20,20,1169,25.2,14.75,3.2,362.62,0,4052
2022-03-20,20,1170,27.12,12.38,3.29,423.45,0,4713
2022-03-20,20,1171,28.46,11,3.36,456.15,0,4893
2022-03-20,20,1172,29.34,10.12,3.35,449.48,0,4899
2022-03-20,20,1173,29.71,9.75,3.28,409.52,0,4593
2022-03-20,20,1174,29.62,9.62,3.24,338.33,0,3828
2022-03-20,20,1175,28.99,9.81,3.2,241.62,0,2821
2022-03-20,20,1176,27.59,10.62,3.09,127.77,0,1500
2022-03-20,20,1177,22.87,16.12,2.1,20.15,0,430
2022-03-20,20,1178,19.81,20.12,1.78,0,0,60
2022-03-20,20,1179,18.41,23.44,1.23,0,0,0
2022-03-20,20,1180,16.79,27.69,1.29,0,0,0
2022-03-20,20,1181,15.37,31.31,1.81,0,0,0
2022-03-20,20,1182,14.2,33.5,2.39,0,0,0
2022-03-20,20,1183,13.28,34.94,2.64,0,0,0
2022-03-21,21,1184,12.55,36.81,2.64,0,0,0
2022-03-21,21,1185,11.94,39.12,2.53,0,0,0
2022-03-21,21,1186,11.25,41.81,2.5,0,0,0
2022-03-21,21,1187,10.47,45.06,2.58,0,0,0
2022-03-21,21,1188,9.87,48,2.66,0,0,0
2022-03-21,21,1189,9.44,50.44,2.76,0,0,0
2022-03-21,21,1190,13.21,39.94,3.66,55.62,0,4
2022-03-21,21,1191,18.28,27.12,4.99,169.67,0,982
2022-03-21,21,1192,22.19,19.19,6.28,278.5,0,2764
2022-03-21,21,1193,24.88,15.25,6.32,366.58,0,3939
2022-03-21,21,1194,27.04,12.56,6.25,426.3,0,4750
2022-03-21,21,1195,28.6,10.88,6.29,460.75,0,5033
2022-03-21,21,1196,29.59,9.94,6.35,453.77,0,5021
2022-03-21,21,1197,29.99,9.56,6.42,413.55,0,4600
2022-03-21,21,1198,29.83,9.56,6.58,342.5,0,3908
2022-03-21,21,1199,28.99,10.06,6.8,245.9,0,2839
2022-03-21,21,1200,27.39,11.12,6.77,131.75,0,1510
2022-03-21,21,1201,23.44,14.88,4.43,21.7,0,460
2022-03-21,21,1202,19.43,20.5,3.53,0,0,90
2022-03-21,21,1203,18.58,22.88,4.01,0,0,0
2022-03-21,21,1204,17.69,25.56,4.33,0,0,0
2022-03-21,21,1205,16.17,29.38,3.94,0,0,0
2022-03-21,21,1206,14.74,33.44,3.74,0,0,0
2022-03-21,21,1207,13.49,37.31,3.63,0,0,0
2022-03-22,22,1208,12.44,40.19,3.63,0,0,0
2022-03-22,22,1209,11.5,41.81,3.52,0,0,0
2022-03-22,22,1210,10.68,42.5,3.3,0,0,0
2022-03-22,22,1211,10.05,42.75,3.23,0,0,0
2022-03-22,22,1212,9.62,43,3.21,0,0,0
2022-03-22,22,1213,9.21,43.38,3.15,0,0,0
2022-03-22,22,1214,12.96,33.19,3.59,62.65,0,7
2022-03-22,22,1215,18.04,21.94,5.23,177.73,0,1008
2022-03-22,22,1216,21.73,16,7.23,286.05,0,2669
2022-03-22,22,1217,24.13,12.62,7.18,373.27,0,3429
2022-03-22,22,1218,26.32,10.12,6.92,432.73,0,4630
2022-03-22,22,1219,28.06,8.44,6.72,456.62,0,3953
2022-03-22,22,1220,29.19,7.44,6.68,450.77,0,3514
2022-03-22,22,1221,29.63,6.94,6.66,411.38,0,4418
2022-03-22,22,1222,29.47,6.69,6.71,341.12,0,3574
2022-03-22,22,1223,28.57,6.81,6.73,245.02,0,2691
2022-03-22,22,1224,26.96,7.44,6.38,131.08,0,1275
2022-03-22,22,1225,22.32,10.69,3.82,21.2,0,650
2022-03-22,22,1226,18.33,15.06,3.43,0,0,180
2022-03-22,22,1227,17.02,17.75,3.35,0,0,0
2022-03-22,22,1228,15.83,21.12,3.19,0,0,0
2022-03-22,22,1229,14.74,24.88,2.89,0,0,0
2022-03-22,22,1230,13.48,28.69,2.41,0,0,0
2022-03-22,22,1231,12.37,31.5,1.77,0,0,0
2022-03-23,23,1232,12.68,30.56,0.65,0,0,0
2022-03-23,23,1233,12.35,30.62,1.05,0,0,0
2022-03-23,23,1234,11.02,33.19,1.75,0,0,0
2022-03-23,23,1235,9.61,37.06,2.28,0,0,0
2022-03-23,23,1236,8.47,41.62,2.67,0,0,0
2022-03-23,23,1237,7.76,45.88,2.91,0,0,0
2022-03-23,23,1238,11.3,38,3.67,63.88,0,6
2022-03-23,23,1239,16.58,25.06,2.89,177.65,0,1204
2022-03-23,23,1240,21.61,14.25,2.41,284.83,0,3034
2022-03-23,23,1241,24.69,11.19,4.04,371.2,0,3128
2022-03-23,23,1242,26.94,9,5.32,430.08,0,1080
2022-03-23,23,1243,28.54,7.31,6.21,459,0,2154
2022-03-23,23,1244,29.58,6.12,6.73,451.73,0,2435
2022-03-23,23,1245,30.07,5.25,7.11,410.92,0,1715
2022-03-23,23,1246,29.87,4.75,7.48,339.52,0,2066
2022-03-23,23,1247,28.89,4.62,7.61,243.23,0,1170
2022-03-23,23,1248,27,4.94,7.27,130.1,0,160
2022-03-23,23,1249,22.19,7.25,4.38,21.6,0,40
2022-03-23,23,1250,17.3,11.5,3.31,0,0,70
2022-03-23,23,1251,15.71,14.25,2.98,0,0,0
2022-03-23,23,1252,14.65,17,2.81,0,0,0
2022-03-23,23,1253,13.8,19.94,2.75,0,0,0
2022-03-23,23,1254,12.62,24.31,2.63,0,0,0
2022-03-23,23,1255,11.6,29.06,2.21,0,0,0
2022-03-24,24,1256,10.98,33.12,1.63,0,0,0
2022-03-24,24,1257,10.55,36.12,0.95,0,0,0
2022-03-24,24,1258,10.15,38.69,0.48,0,0,0
2022-03-24,24,1259,9.39,42.69,1.07,0,0,0
2022-03-24,24,1260,7.8,50.38,1.98,0,0,0
2022-03-24,24,1261,6.6,58.44,2.39,0,0,0
2022-03-24,24,1262,9.99,49.56,2.82,63.95,0,5
2022-03-24,24,1263,14.97,31.62,2.3,177.08,0,1185
2022-03-24,24,1264,18.85,19.75,2.17,284.5,0,2892
2022-03-24,24,1265,21.88,13.19,2.29,371.2,0,4222
2022-03-24,24,1266,24.19,9.75,2.84,429.9,0,4877
2022-03-24,24,1267,25.8,8.06,3.37,459.95,0,5028
2022-03-24,24,1268,26.79,7.19,3.84,452.4,0,4682
2022-03-24,24,1269,27.11,6.75,4.15,411.38,0,2151
2022-03-24,24,1270,26.9,6.69,4.45,339.5,0,3624
2022-03-24,24,1271,26.01,7,4.63,242.17,0,1487
2022-03-24,24,1272,24.3,8.06,4.85,128,0,1420
2022-03-24,24,1273,19.9,12.25,4.22,20.45,0,430
2022-03-24,24,1274,16.2,19.19,4.94,0,0,60
2022-03-24,24,1275,14.84,26.75,5.61,0,0,0
2022-03-24,24,1276,12.89,37.56,5.07,0,0,0
2022-03-24,24,1277,11.5,47.69,4.27,0,0,0
2022-03-24,24,1278,10.33,56,3.62,0,0,0
2022-03-24,24,1279,9.44,62.19,3.43,0,0,0
2022-03-25,25,1280,8.78,66.69,3.33,0,0,0
2022-03-25,25,1281,8.12,70.81,3.16,0,0,0
2022-03-25,25,1282,7.56,74.44,3.1,0,0,0
2022-03-25,25,1283,7.08,77.69,2.96,0,0,0
2022-03-25,25,1284,6.67,80.31,2.89,0,0,0
2022-03-25,25,1285,6.37,82.06,2.88,0,0,0
2022-03-25,25,1286,9.04,67.5,4.02,54.25,0,12
2022-03-25,25,1287,14.4,39.06,4.18,161.5,0,1159
2022-03-25,25,1288,19.42,19.75,4.61,270.17,0,2945
2022-03-25,25,1289,22.56,13.19,4.46,358.48,0,951
2022-03-25,25,1290,24.83,10.25,4,418.23,0,1234
2022-03-25,25,1291,26.36,8.94,3.66,459.4,0,2941
2022-03-25,25,1292,27.25,8.19,3.61,452.35,0,2257
2022-03-25,25,1293,27.52,7.81,3.79,411.77,0,2471
2022-03-25,25,1294,27.26,7.75,4.18,340.45,0,1312
2022-03-25,25,1295,26.33,8.12,4.71,243.6,0,2337
2022-03-25,25,1296,24.46,9.19,5.47,129.67,0,1360
2022-03-25,25,1297,20.69,12.38,5.35,21.3,0,460
2022-03-25,25,1298,17.16,17.12,5.7,0,0,70
2022-03-25,25,1299,15.08,21.5,5.59,0,0,0
2022-03-25,25,1300,13.35,25.62,4.67,0,0,0
2022-03-25,25,1301,11.83,29.06,3.73,0,0,0
2022-03-25,25,1302,10.65,31.62,3.44,0,0,0
2022-03-25,25,1303,9.66,33.81,3.18,0,0,0
2022-03-26,26,1304,8.82,35.75,2.89,0,0,0
2022-03-26,26,1305,8.15,37.38,2.75,0,0,0
2022-03-26,26,1306,7.63,38.62,2.71,0,0,0
2022-03-26,26,1307,7.23,39.62,2.73,0,0,0
2022-03-26,26,1308,6.87,40.56,2.77,0,0,0
2022-03-26,26,1309,6.76,41,2.82,0,0,0
2022-03-26,26,1310,11.29,30.38,3.1,60.33,0,8
2022-03-26,26,1311,16.75,20.94,2.67,167.3,0,1206
2022-03-26,26,1312,21.67,13.81,2.07,274.88,0,2353
2022-03-26,26,1313,24.44,10.44,1.61,362,0,3808
2022-03-26,26,1314,26.44,8.19,2.13,421.2,0,4141
2022-03-26,26,1315,27.8,6.75,2.64,462.38,0,3724
2022-03-26,26,1316,28.55,5.94,3.03,454.65,0,4710
2022-03-26,26,1317,28.77,5.56,3.33,412.98,0,3095
2022-03-26,26,1318,28.44,5.44,3.89,340.7,0,3393
2022-03-26,26,1319,27.32,5.62,4.87,226.48,0,2270
2022-03-26,26,1320,25.22,6.12,6.1,121.48,0,1340
2022-03-26,26,1321,21.35,7.75,6.43,20.15,0,320
2022-03-26,26,1322,17.32,10.19,6.08,0,0,50
2022-03-26,26,1323,14.96,12.38,5.62,0,0,0
2022-03-26,26,1324,13.29,15,4.44,0,0,0
2022-03-26,26,1325,11.94,17.62,3.73,0,0,0
2022-03-26,26,1326,10.76,20,3.31,0,0,0
2022-03-26,26,1327,9.69,21.94,3.03,0,0,0
2022-03-27,27,1328,8.8,23.06,2.87,0,0,0
2022-03-27,27,1329,8.08,23.25,2.86,0,0,0
2022-03-27,27,1330,7.67,22.75,2.92,0,0,0
2022-03-27,27,1331,7.45,21.81,2.89,0,0,0
2022-03-27,27,1332,7.4,20.81,2.77,0,0,0
2022-03-27,27,1333,7.55,19.88,2.75,0,0,0
2022-03-27,27,1334,12.26,14.94,3.28,53.67,0,16
2022-03-27,27,1335,17.75,16.31,3.69,159.2,0,1056
2022-03-27,27,1336,22,16.56,3.59,268.95,0,2662
2022-03-27,27,1337,24.65,13.62,2.69,358.25,0,4010
2022-03-27,27,1338,26.64,11.38,2.21,418.55,0,4067
2022-03-27,27,1339,28.07,9.88,2.19,463.38,0,4784
2022-03-27,27,1340,28.96,8.94,2.33,455.73,0,4354
2022-03-27,27,1341,29.33,8.38,2.63,413.9,0,4029
2022-03-27,27,1342,29.19,7.94,2.85,339.58,0,3771
2022-03-27,27,1343,28.4,7.88,2.85,243.33,0,2486
2022-03-27,27,1344,26.82,8.31,2.73,128.9,0,1330
2022-03-27,27,1345,22.29,11.25,2.13,21.27,0,460
2022-03-27,27,1346,18.24,13.88,2.96,0,0,60
2022-03-27,27,1347,16.33,15.06,3.82,0,0,0
2022-03-27,27,1348,14.58,17,3.7,0,0,0
2022-03-27,27,1349,13.12,19.38,3.19,0,0,0
2022-03-27,27,1350,12.14,21.44,2.93,0,0,0
2022-03-27,27,1351,11.55,23,2.79,0,0,0
2022-03-28,28,1352,11.85,22.94,2.39,0,0,0
2022-03-28,28,1353,12.26,22.56,1.76,0,0,0
2022-03-28,28,1354,11.75,23.69,1.6,0,0,0
2022-03-28,28,1355,11.03,25.44,1.7,0,0,0
2022-03-28,28,1356,10.5,27.31,1.82,0,0,0
2022-03-28,28,1357,10.05,29.5,1.93,1.33,0,0
2022-03-28,28,1358,13.05,25.56,2.08,53.85,0,15
2022-03-28,28,1359,18.16,20.56,2.57,159.7,0,1037
2022-03-28,28,1360,22.27,17.81,3.34,268.83,0,2554
2022-03-28,28,1361,24.79,15.62,3.07,358.62,0,1678
2022-03-28,28,1362,26.75,14,2.84,419.9,0,1013
2022-03-28,28,1363,28.22,13.06,2.91,461.12,0,548
2022-03-28,28,1364,29.13,12.69,3.04,452.8,0,1722
2022-03-28,28,1365,29.48,12.69,3.06,409.23,0,3267
2022-03-28,28,1366,29.38,12.81,3.28,333.58,0,1657
2022-03-28,28,1367,28.72,13.19,3.64,231.98,0,547
2022-03-28,28,1368,27.29,14.25,3.5,126.27,0,460
2022-03-28,28,1369,23.38,18.38,2.2,21.62,0,300
2022-03-28,28,1370,20.37,22,2.19,0,0,50
2022-03-28,28,1371,19.8,22.81,1.7,0,0,0
2022-03-28,28,1372,19.55,23.5,0.88,0,0,0
2022-03-28,28,1373,18.26,25.94,0.91,0,0,0
2022-03-28,28,1374,16.37,30.12,1.76,0,0,0
2022-03-28,28,1375,14.66,35.5,2.31,0,0,0
2022-03-29,29,1376,13.34,41.44,2.55,0,0,0
2022-03-29,29,1377,12.23,47.5,2.64,0,0,0
2022-03-29,29,1378,11.33,52.88,2.68,0,0,0
2022-03-29,29,1379,10.65,57.19,2.69,0,0,0
2022-03-29,29,1380,10.23,59.94,2.76,0,0,0
2022-03-29,29,1381,10.04,61,2.75,1.73,0,0
2022-03-29,29,1382,13.8,47.38,3.26,65.62,0,20
2022-03-29,29,1383,18.85,30,4.22,181.55,0,1054
2022-03-29,29,1384,22.73,22.5,4.92,289.15,0,2349
2022-03-29,29,1385,25.46,19.31,4.85,375.88,0,2898
2022-03-29,29,1386,27.68,16.69,4.87,434.85,0,2025
2022-03-29,29,1387,29.36,14.75,5.04,462.4,0,3699
2022-03-29,29,1388,30.48,13.44,5.21,454.83,0,2143
2022-03-29,29,1389,31.01,12.75,5.34,413.85,0,2324
2022-03-29,29,1390,30.95,12.62,5.43,342.45,0,3035
2022-03-29,29,1391,30.27,13.06,5.55,245.65,0,2173
2022-03-29,29,1392,28.83,14.12,5.65,131.92,0,1410
2022-03-29,29,1393,25.01,17.94,3.86,23.1,0,410
2022-03-29,29,1394,20.92,23.38,3.33,0,0,50
2022-03-29,29,1395,19.8,25.25,3.53,0,0,0
2022-03-29,29,1396,18.27,27.81,3.53,0,0,0
2022-03-29,29,1397,16.99,30.38,3.62,0,0,0
2022-03-29,29,1398,15.71,33.69,3.57,0,0,0
2022-03-29,29,1399,14.44,37.38,3.48,0,0,0
2022-03-30,30,1400,13.29,40.75,3.4,0,0,0
2022-03-30,30,1401,12.3,43.19,3.29,0,0,0
2022-03-30,30,1402,11.43,44.88,3.31,0,0,0
2022-03-30,30,1403,10.65,45.94,3.35,0,0,0
2022-03-30,30,1404,9.96,47,3.37,0,0,0
2022-03-30,30,1405,9.51,47.81,3.39,2.05,0,0
2022-03-30,30,1406,13.51,36,4.28,72.77,0,36
2022-03-30,30,1407,18.58,18.94,5.6,190.42,0,1325
2022-03-30,30,1408,22.67,10.94,7.04,297.6,0,2942
2022-03-30,30,1409,25.64,8.25,7.52,383.35,0,4072
2022-03-30,30,1410,28.01,7.56,7.66,441.38,0,4860
2022-03-30,30,1411,29.86,7.12,7.69,467.6,0,5010
2022-03-30,30,1412,31.08,6.62,7.61,459.77,0,5069
2022-03-30,30,1413,31.62,6.31,7.43,418.62,0,4736
2022-03-30,30,1414,31.4,6.19,7.17,347,0,4020
2022-03-30,30,1415,30.44,6.38,6.78,250.45,0,2940
2022-03-30,30,1416,28.7,6.88,6.21,136.98,0,1640
